ANALS_TRGET_YEAR,ANALS_TRGET_MT,AGE_FLAG_NM,TITLE_NM,ISBN_NO,VLM_NM,AGE_ISE_RANK_CO,ALL_RANK_CO
"2021","12","20대","(EBS 다큐프라임) 자본주의 ","9788957365793","","208","1000"
"2021","12","20대","(간단함, 병맛, 솔직함으로 기업의 흥망성쇠를 좌우하는) 90년생이 온다 ","9791188248674","","232","1000"
"2021","12","20대","(비전공자를 위한 이해할 수 있는) IT 지식 ","9791196918033","","101","1000"
"2021","12","20대","12가지 인생의 법칙 :혼돈의 해독제 ","9791196067694","","64","842"
"2021","12","20대","1984","9788937460777","","232","1000"
"2021","12","20대","1Q84 :무라카미 하루키 장편소설","9788954608640","1","193","1000"
"2021","12","20대","개인주의자 선언 :판사 문유석의 일상유감 ","9788954637756","","153","1000"
"2021","12","20대","곰탕 :김영탁 장편소설 ","9788950973766","2","198","997"
"2021","12","20대","공간이 만든 공간 :새로운 생각은 어떻게 만들어지는가 ","9788932474274","","193","1000"
"2021","12","20대","구만수 박사 3시간 공부하고 30년 써먹는 부동산 시장 분석 기법 ","9788947542586","","224","1000"
"2021","12","20대","구의 증명 :최진영 소설 ","9788956608556","","101","863"
"2021","12","20대","그릿 :IQ, 재능, 환경을 뛰어넘는 열정적 끈기의 힘 ","9791186805398","","232","1000"
"2021","12","20대","나는 무조건 합격하는 공부만 한다 :26살, 9개월 만에 사법시험을 패스한 이윤규 변호사의 패턴 공부법 ","9791162541210","","244","1000"
"2021","12","20대","나는 소망한다 내게 금지된 것을 :양귀자 장편소설 ","9788998441074","","30","1000"
"2021","12","20대","나는 왜 생각이 많을까? :머릿속의 스위치를 끄고 싶을 때 보는 뇌과학 이야기 ","9791190179874","","232","1000"
"2021","12","20대","내 문장이 그렇게 이상한가요? :내가 쓴 글, 내가 다듬는 법 ","9791185152431","","137","1000"
"2021","12","20대","내가 되는 꿈 :최진영 장편소설 ","9791190885621","","91","1000"
"2021","12","20대","너와 막걸리를 마신다면 :설재인 장편소설 ","9788984374294","","126","1000"
"2021","12","20대","네 이웃의 식탁 :구병모 장편소설 ","9788937473197","","193","1000"
"2021","12","20대","노르웨이의 숲 =Norwegian wood ","9788937434488","","131","1000"
"2021","12","20대","더 셜리 클럽 :박서련 장편소설 ","9788937473296","","115","1000"
"2021","12","20대","덧니가 보고 싶어 :정세랑 장편소설 ","9791188862375","","132","1000"
"2021","12","20대","데미안 ","9788937460449","","132","1000"
"2021","12","20대","데일 카네기 인간관계론 ","9791187142560","","198","1000"
"2021","12","20대","돈으로 살 수 없는 것들 :무엇이 가치를 결정하는가 ","9788937833663","","217","1000"
"2021","12","20대","돌이킬 수 있는 =문목하 장편소설 /Eversible ","9791189015381","","60","1000"
"2021","12","20대","동급생 ","9788932918143","","220","1000"
"2021","12","20대","듄의 메시아 ","9791158887551","","217","1000"
"2021","12","20대","디디의 우산 :황정은 연작소설 ","9788936437541","","164","1000"
"2021","12","20대","따님이 기가 세요 :유쾌한 여자 둘의 비혼 라이프 ","9791191393170","","110","1000"
"2021","12","20대","레몬 :권여선 장편소설 ","9788936434366","","224","1000"
"2021","12","20대","레버리지 :자본주의 속에 숨겨진 부의 비밀 ","9791130612249","","211","1000"
"2021","12","20대","마스터리의 법칙 :내 안에 숨겨진 최대치의 힘을 찾는 법 ","9788952226792","","244","1000"
"2021","12","20대","매우 예민한 사람들을 위한 책 :뇌과학과 정신의학이 들려주는 당신 마음에 대한 이야기 ","9788967358020","","153","1000"
"2021","12","20대","멋진 신세계 ","9788973814725","","232","1000"
"2021","12","20대","명랑한 은둔자 ","9791189932671","","86","886"
"2021","12","20대","모순 :양귀자 장편소설 ","9788998441012","","50","1000"
"2021","12","20대","미움받을 용기 :사랑과 진정한 자립에 대한 아들러의 가르침","9791186560129","2","211","1000"
"2021","12","20대","미쳐있고 괴상하며 오만하고 똑똑한 여자들 :이해받지 못하는 고통, 여성 우울증 ","9788962623871","","108","1000"
"2021","12","20대","바늘과 가죽의 시 :구병모 소설 ","9791190885713","","208","1000"
"2021","12","20대","밤에 찾아오는 구원자 :천선란 장편소설 ","9791191193138","","153","1000"
"2021","12","20대","보건교사 안은영 :정세랑 장편소설 ","9788937479953","","153","1000"
"2021","12","20대","부자 아빠 가난한 아빠 :부자들이 들려주는 돈과 투자의 비밀 ","9788982732362","","220","1000"
"2021","12","20대","부지런한 사랑 :이슬아 에세이 ","9788954675352","","188","1000"
"2021","12","20대","붕대 감기 :윤이형 소설 ","9791160261561","","180","1000"
"2021","12","20대","브람스를 좋아하세요 ","9788937461798","","193","1000"
"2021","12","20대","비하인드 도어 :B.A. 패리스 장편소설 ","9788950970888","","72","842"
"2021","12","20대","비행운 :김애란 소설집 ","9788932023151","","105","1000"
"2021","12","20대","사서함 110호의 우편물 :이도우 장편소설 ","9788952782076","","211","1000"
"2021","12","20대","사이보그가 되다 ","9791160947045","","83","1000"
"2021","12","20대","살고 싶다는 농담 :허지웅 에세이 ","9788901244600","","172","1000"
"2021","12","20대","살면서 한 번은 짠테크 :스물일곱 김짠부의 행복한 재테크 이야기 ","9791191211009","","188","1000"
"2021","12","20대","상실의 시대 :무라카미 하루키 장편소설 ","9788970123691","","115","1000"
"2021","12","20대","생각이 너무 많은 서른 살에게 :25년간 세계 최고의 인재들과 일하며 배운 것들 ","9791190538329","","98","1000"
"2021","12","20대","술과 바닐라 :정한아 소설 ","9788954679732","","232","1000"
"2021","12","20대","숨 :테드 창 소설 ","9791164050277","","172","1000"
"2021","12","20대","스노볼 드라이브 :조예은 장편소설 ","9788937473319","","40","1000"
"2021","12","20대","스물아홉 생일, 1년 후 죽기로 결심했다 ","9788959136896","","244","1000"
"2021","12","20대","시작의 기술 :침대에 누워서 걱정만 하는 게으른 완벽주의자를 위한 7가지 무기 ","9788901230658","","188","1000"
"2021","12","20대","시크릿","9788952206503","","160","1000"
"2021","12","20대","아가미 :구병모 장편소설 ","9791162203392","","62","1000"
"2021","12","20대","아가미 :구병모 장편소설 ","9788957075425","","175","1000"
"2021","12","20대","아가씨와 밤 :기욤 뮈소 장편소설 ","9788984373617","","198","1000"
"2021","12","20대","아내를 모자로 착각한 남자 ","9791159920257","","220","1000"
"2021","12","20대","아비투스 :인간의 품격을 결정하는 7가지 자본 ","9791130630762","","151","1000"
"2021","12","20대","어떤 물질의 사랑 :천선란 소설집 ","9791165508340","","77","1000"
"2021","12","20대","언니에게 보내는 행운의 편지 =A lucky letter to my sister ","9788936478865","","227","1000"
"2021","12","20대","여름의 빌라 :백수린 소설 ","9788954673105","","120","1000"
"2021","12","20대","연금술사","9788982814471","","164","1000"
"2021","12","20대","연년세세 :황정은 연작소설 ","9788936434441","","115","1000"
"2021","12","20대","왜 나는 너를 사랑하는가","9788986836240","","79","1000"
"2021","12","20대","용의자 X의 헌신 - 제134회 나오키상 수상작","9788990982704","","153","1000"
"2021","12","20대","우리는 이 별을 떠나기로 했어 ","9791190090377","","91","1000"
"2021","12","20대","우리는 페퍼로니에서 왔어 :김금희 소설집 ","9788936438418","","64","1000"
"2021","12","20대","우리말 어감사전 :말의 속뜻을 잘 이해하고 표현하는 법 ","9791189683887","","120","1000"
"2021","12","20대","우아하고 호쾌한 여자 축구 :김혼비 에세이 ","9788937437571","","228","1000"
"2021","12","20대","우울할 땐 뇌과학 ","9791156757344","","111","1000"
"2021","12","20대","이것이 취업을 위한 코딩 테스트다 with 파이썬 :취업과 이직을 결정하는 알고리즘 인터뷰 완벽 가이드 ","9791162243077","","232","1000"
"2021","12","20대","이만큼 가까이 :정세랑 장편소설 ","9788936434106","","183","1000"
"2021","12","20대","이웃집 퀴어 이반지하 :이반지하 에세이 ","9788954681308","","244","1000"
"2021","12","20대","작가들의 비밀스러운 삶 :기욤 뮈소 장편소설 ","9788984373853","","228","1000"
"2021","12","20대","재인, 재욱, 재훈 :정세랑 소설 ","9788956608334","","175","1000"
"2021","12","20대","젊은 ADHD의 슬픔 :정지음 에세이 ","9788937472114","","31","789"
"2021","12","20대","정의란 무엇인가 ","9788934939603","","198","1000"
"2021","12","20대","지적 대화를 위한 넓고 얕은 지식 0 :지혜를 찾아 138억 년을 달리는 시간 여행서 ","9791190313131","","153","1000"
"2021","12","20대","지적 대화를 위한 넓고 얕은 지식 1 - 현실 편 : 역사 / 경제 / 정치 / 사회 / 윤리","9791190313186","","180","1000"
"2021","12","20대","천문학자는 별을 보지 않는다 ","9788954677257","","86","1000"
"2021","12","20대","철학은 어떻게 삶의 무기가 되는가 :불확실한 삶을 돌파하는 50가지 생각 도구 ","9791130620459","","171","1000"
"2021","12","20대","체리새우 :황영미 장편소설 ","9788954654753","","878","84"
"2021","12","20대","최선의 삶 :임솔아 장편소설 ","9788954636858","","198","1000"
"2021","12","20대","침묵의 봄 ","9788962630619","","220","1000"
"2021","12","20대","칵테일, 러브, 좀비 ","9791190174756","","34","1000"
"2021","12","20대","키르케 :매들린 밀러 장편소설 ","9791190582308","","137","1000"
"2021","12","20대","트라우마 사전 :작가를 위한 캐릭터 창조 가이드 ","9791155812662","","232","1000"
"2021","12","20대","트렌드 코리아 2021 :팬데믹 위기에 대응하는 전략은 무엇인가? ","9788959896837","","232","1000"
"2021","12","20대","파과 :구병모 장편소설 ","9791162203620","","72","1000"
"2021","12","20대","파과 :구병모 장편소설 ","9788957077740","","126","1000"
"2021","12","20대","필로소피 랩 =내 삶을 바꾸는 오늘의 철학 연구소 /Philosphy lab ","9791155814116","","244","1000"
"2021","12","20대","한 스푼의 시간 :구병모 장편소설 ","9788959130580","","232","1000"
"2021","12","20대","해가 지는 곳으로 :최진영 장편소설 ","9788937473166","","68","1000"
"2021","12","30대","(0~7세까지 아이의 상상을 넓히고 생각의 깊이를 결정짓는) 엄마의 어휘력 ","9791187512578","","169","1000"
"2021","12","30대","(뉴욕주민의) 진짜 미국식 주식투자 :현직 월스트리트 트레이더가 알려주는 투자의 정석 ","9791162541807","","515","1000"
"2021","12","30대","(세상 쉽고 맛있는) 튼이 이유식 :큐브와 밥솥 칸막이로 한번에 3가지 9끼 이유식 완성 ","9791196533007","","221","1000"
"2021","12","30대","(영어 앞에서 당당한 아이를 만드는 새벽달의) 엄마표 영어 17년 보고서 ","9788997195916","","271","1000"
"2021","12","30대","(코믹 메이플스토리) 수학도둑 :지식·능력·경험을 융합하여 정리하는 No.1 수학학습만화","9788926388068","69","981","394"
"2021","12","30대","(코믹 메이플스토리) 수학도둑 :지식·능력·경험을 융합하여 정리하는 No.1 수학학습만화","9791164380879","70","936","380"
"2021","12","30대","(코믹 메이플스토리) 수학도둑 :지식·능력·경험을 융합하여 정리하는 No.1 수학학습만화","9788926381113","64","913","358"
"2021","12","30대","(코믹 메이플스토리) 수학도둑 :지식·능력·경험을 융합하여 정리하는 No.1 수학학습만화","9791164382446","76","869","375"
"2021","12","30대","(코믹 메이플스토리) 수학도둑 :지식·능력·경험을 융합하여 정리하는 No.1 수학학습만화","9788926382561","62","869","382"
"2021","12","30대","(코믹 메이플스토리) 수학도둑 :지식·능력·경험을 융합하여 정리하는 No.1 수학학습만화","9791164383283","79","981","497"
"2021","12","30대","(코믹 메이플스토리) 수학도둑 :창의사고력 강화, 수리논술력을 키워 주는 스토리텔링 수학의 선구자!","9788926385586","55","913","448"
"2021","12","30대","(코믹 메이플스토리) 수학도둑 :창의사고력 강화, 수리논술력을 키워 주는 스토리텔링 수학의 선구자!","9788926384466","59","936","477"
"2021","12","30대","(한 번 배워서 평생 써먹는) 박곰희 투자법 ","9791191056334","","533","1000"
"2021","12","30대","(한밤중) 달빛 식당 ","9788949161969","","307","845"
"2021","12","30대","감귤 기차 ","9788974999988","","177","647"
"2021","12","30대","고민 식당 ","9788970941981","","300","1000"
"2021","12","30대","구름빵","9788953527058","","325","1000"
"2021","12","30대","긴긴밤 ","9788954677158","","630","146"
"2021","12","30대","꽁꽁꽁 ","9791158360276","","394","958"
"2021","12","30대","꽁꽁꽁 ","9791158360276","","445","958"
"2021","12","30대","꽁꽁꽁 좀비 ","9791158362478","","79","838"
"2021","12","30대","꽁꽁꽁 좀비 ","9791158362478","","298","838"
"2021","12","30대","꿈에서 맛본 똥파리 ","9791185564128","","420","1000"
"2021","12","30대","나는 약속을 지켜요","9791197419102","","194","735"
"2021","12","30대","나는 오, 너는 아! ","9791190300841","","526","1000"
"2021","12","30대","나의 상처를 아이에게 대물림하지 않으려면","9788947547659","","348","1000"
"2021","12","30대","나중에 후회 없는 초등 학부모 생활 ","9788960498907","","465","1000"
"2021","12","30대","낭만 찐빵 ","9791164137381","","481","1000"
"2021","12","30대","내 멋대로 슈크림빵 :김지안 그림책 ","9788901245324","","533","1000"
"2021","12","30대","내일은 실험왕 :본격 대결 과학실험 만화","9791162339909","45","936","340"
"2021","12","30대","내일은 실험왕 :본격 대결 과학실험 만화","9791164132140","47","847","344"
"2021","12","30대","노을 수프 ","9791164138623","","526","1000"
"2021","12","30대","달 샤베트 ","9791185564074","","374","958"
"2021","12","30대","달 샤베트 ","9791185564074","","473","958"
"2021","12","30대","달밤 수영장","9791190867412","","515","1000"
"2021","12","30대","대장 토끼는 나다운 게 좋아 ","9788964964422","","526","1000"
"2021","12","30대","돌이킬 수 없는 약속 :야쿠마루 가쿠 장편소설 ","9788998274795","","678","195"
"2021","12","30대","딩동 거미 ","9788970949970","","249","909"
"2021","12","30대","딸기가 좋아! 토끼 베이커리 ","9791162040997","","300","1000"
"2021","12","30대","레버리지 :자본주의 속에 숨겨진 부의 비밀 ","9791130612249","","492","1000"
"2021","12","30대","리틀 산타 ","9791186621684","","426","1000"
"2021","12","30대","만복이네 떡집 ","9788949161341","","145","941"
"2021","12","30대","명랑한 은둔자 ","9791189932671","","264","886"
"2021","12","30대","문어 목욕탕 ","9791188867127","","481","1000"
"2021","12","30대","문어 팬티 ","9791165731380","","506","1000"
"2021","12","30대","바다가 좋아! 토끼 베이커리 ","9791162041178","","408","992"
"2021","12","30대","복제인간 윤봉구 ","9788949124353","","981","477"
"2021","12","30대","부의 본능 :슈퍼리치가 되는 9가지 방법 ","9791187444282","","526","992"
"2021","12","30대","산타 유치원 ","9791164062904","","325","1000"
"2021","12","30대","산타 할아버지에게 선물을","9788927187479","56","445","1000"
"2021","12","30대","선량한 차별주의자 ","9788936477196","","869","257"
"2021","12","30대","수상한 기차역 ","9788963194073","","847","388"
"2021","12","30대","수상한 신호등","9788949105239","","492","1000"
"2021","12","30대","수영장 가는 날 =염혜원 그림책 /Saturday is swimming day ","9788936455286","","368","1000"
"2021","12","30대","슈퍼 거북 ","9788993242980","","186","696"
"2021","12","30대","슈퍼 거북 ","9788993242980","","229","696"
"2021","12","30대","쓰레기통 요정 :안녕달 그림책 ","9791158361518","","354","939"
"2021","12","30대","아들의 뇌 =딸로 태어난 엄마들을 위한 아들 사용 설명서 /Son's brain ","9791191347456","","426","1000"
"2021","12","30대","아빠는 회사에서 내 생각 해? ","9788955823240","","368","1000"
"2021","12","30대","아이스크림 걸음! ","9791186531778","","426","896"
"2021","12","30대","알사탕 ","9791158360375","","52","632"
"2021","12","30대","알사탕 ","9791158360375","","156","632"
"2021","12","30대","엄마 도감 :권정민 그림책 ","9788901251509","","445","905"
"2021","12","30대","엄마 심리 수업 :엄마의 무의식이 아이를 키운다 ","9791186757420","","445","1000"
"2021","12","30대","엄마 아빠 결혼 이야기","9788958289845","","432","1000"
"2021","12","30대","엄마의 말하기 연습 :화내지 않고 상처 주지 않고 진심을 전하는 ","9791188007134","","293","1000"
"2021","12","30대","엉덩이 탐정 : 뿡뿡 사라진 과자를 찾아라!","9788959761654","","515","1000"
"2021","12","30대","엉덩이 탐정 :뿡뿡 사라진 도시락 수수께끼! ","9788959762323","","325","863"
"2021","12","30대","엉덩이 학교 ","9791187914167","","320","1000"
"2021","12","30대","엉덩이탐정 :뿡뿡 무지개 다이아몬드를 찾아라! ","9788959761906","","386","1000"
"2021","12","30대","엉덩이탐정 :뿡뿡 쪼그만 서장의 대위기!? ","9788959762088","","432","1000"
"2021","12","30대","에그박사의 채집 일기 :스티커로 채집하는 자연 생물 관찰 만화","9791164137800","1","432","909"
"2021","12","30대","영어 그림책 매일 듣기의 기적 ","9791157687237","","233","828"
"2021","12","30대","예민한 아이 잘 키우는 법 :서울대 정신과 의사의 섬세한 기질 맞춤 육아 ","9791191104226","","515","1000"
"2021","12","30대","왜냐면… ","9791158360382","","399","1000"
"2021","12","30대","우리 사이엔 오해가 있다 ","9788954681025","29","399","924"
"2021","12","30대","우주 관람차 :김성미 그림책 ","9791158362485","","465","1000"
"2021","12","30대","우주로 간 김땅콩 :윤지회 그림책 ","9791160944518","","325","1000"
"2021","12","30대","으쌰으쌰 당근 :멜리 그림책 ","9791158362508","","481","1000"
"2021","12","30대","이상한 손님 ","9791158360801","","87","886"
"2021","12","30대","이상한 손님 ","9791158360801","","320","886"
"2021","12","30대","이상한 엄마 ","9791158360214","","85","850"
"2021","12","30대","이상한 엄마 ","9791158360214","","297","850"
"2021","12","30대","잠수네 프리스쿨 영어공부법 :엄마와 아이가 모두 행복한 5세·6세·7세 로드맵 ","9788925552651","","325","1000"
"2021","12","30대","장수탕 선녀님 ","9788993242706","","58","674"
"2021","12","30대","장수탕 선녀님 ","9788993242706","","128","674"
"2021","12","30대","전국축제자랑 :김혼비·박태하 에세이 ","9788937413711","","368","884"
"2021","12","30대","절대로 누르면 안 돼! 크리스마스에도 ","9788966351268","","361","1000"
"2021","12","30대","졸려 졸려 크리스마스","9791187287872","","506","1000"
"2021","12","30대","초등 자존감 수업 :불안을 이기는 엄마가 아이의 자존감을 키운다 ","9791188674855","","374","1000"
"2021","12","30대","추리 천재 엉덩이 탐정과 카레 사건 ","9791164130764","","186","664"
"2021","12","30대","친구 사귀기 ","9788955824476","","408","987"
"2021","12","30대","친구의 전설 :이지은 그림책 ","9788901251226","","678","156"
"2021","12","30대","카레가 보글보글 ","9791158361884","","473","1000"
"2021","12","30대","케이크가 커졌어요! ","9791158362515","","220","681"
"2021","12","30대","쿵쿵 아파트 :전승배·강인숙 그림책 ","9788936455491","","445","1000"
"2021","12","30대","펭귄 호텔 ","9788925564883","","432","1000"
"2021","12","30대","평범한 식빵 ","9788955889659","","315","810"
"2021","12","30대","한그릇 :변정원 그림책 ","9788943312459","","335","1000"
"2021","12","30대","화가 호로록 풀리는 책 ","9791191583403","","374","1000"
"2021","12","40대","(10년 영어교육과정을 한눈에 이해하고 목표와 방향을 세우는) 초중고 영어공부 로드맵 ","9791168220041","","421","1000"
"2021","12","40대","(나를 숨 쉬게 하는) 보통의 언어들 ","9791190786355","","859","517"
"2021","12","40대","(애매한 것을 속 시원하게 알려 주는) 알쏭달쏭 상담소 ","9791191426090","","686","982"
"2021","12","40대","(열네 살 경제 영재를 만든) 엄마표 돈 공부의 기적 ","9791191766790","","579","1000"
"2021","12","40대","(파이어족 강환국의) 하면 된다! 퀀트 투자 :부의 자유를 꿈꾸는 직장인을 위한 주식투자의 정석 ","9791188754489","","375","779"
"2021","12","40대","(한밤중) 달빛 식당 ","9788949161969","","233","845"
"2021","12","40대","(한밤중) 달빛 식당 ","9788949161969","","827","336"
"2021","12","40대","1% 학습 코칭 - 99% 헛고생을 피하는","9791187152323","","626","1000"
"2021","12","40대","100층짜리 집 ","9788989863786","","626","321"
"2021","12","40대","5번 레인 ","9788954674638","","976","593"
"2021","12","40대","5번 레인 ","9788954674638","","292","593"
"2021","12","40대","걱정 세탁소 :걱정을 세탁해 드립니다! ","9788928318049","","340","617"
"2021","12","40대","걱정이 너무 많아 ","9788955825572","","976","664"
"2021","12","40대","건방이의 초강력 수련기 :season 2","9788949124421","1","727","1000"
"2021","12","40대","고구마구마 ","9788956187372","","518","242"
"2021","12","40대","고구마유","9788956181196","","608","296"
"2021","12","40대","공부의 쓸모 - 서울대 의대 수석의 혼공 바이블, 개정판","9791130640228","","528","1000"
"2021","12","40대","구미호 식당 :박현숙 장편소설 ","9791188912179","","490","1000"
"2021","12","40대","기억 전달자","9788949120744","","406","866"
"2021","12","40대","긴긴밤 ","9788954677158","","72","502"
"2021","12","40대","꽁꽁꽁 좀비 ","9791158362478","","444","838"
"2021","12","40대","나는 개다 ","9791158361365","","759","406"
"2021","12","40대","날씨가 좋으면 찾아가겠어요 :이도우 장편소설 ","9788952791160","","847","407"
"2021","12","40대","내 마음 ㅅㅅㅎ :김지영 그림책 ","9791160947250","","651","371"
"2021","12","40대","내가 다 열어 줄게 ","9788962478310","","727","415"
"2021","12","40대","내게 무해한 사람 :최은영 소설 ","9788954651820","","872","319"
"2021","12","40대","녹즙 배달원 강정민 :김현진 장편소설 ","9791160404715","","486","919"
"2021","12","40대","눈으로 만든 사람 :최은미 소설 ","9788954679930","","956","596"
"2021","12","40대","돈의 시나리오 :계획이 있는 돈은 흔들리지 않는다 ","9791130634432","","700","1000"
"2021","12","40대","두더지의 소원 :김상근 그림책 ","9791160940046","","859","501"
"2021","12","40대","라면을 먹으면 숲이 사라져 ","9791158362072","","710","1000"
"2021","12","40대","라플라스의 마녀 :히가시노 게이고 장편소설 ","9788972757573","","901","519"
"2021","12","40대","리더스 챕터북 영어 공부법 :영어책 좋아하는 아이의 비밀 ","9791191462050","","389","964"
"2021","12","40대","만복이네 떡집 ","9788949161341","","214","941"
"2021","12","40대","만복이네 떡집 ","9788949161341","","759","250"
"2021","12","40대","메리 :안녕달 그림책 ","9791160943061","","727","445"
"2021","12","40대","목소리를 드릴게요 :정세랑 소설집 ","9791165300005","","936","399"
"2021","12","40대","미움받을 용기 :자유롭고 행복한 삶을 위한 아들러의 가르침 ","9788996991342","","604","304"
"2021","12","40대","복잡계 세상에서의 투자 :지금껏 설명하지 못한 투자의 신세계 ","9791190977357","","276","572"
"2021","12","40대","복제인간 윤봉구","9788949124506","5","556","1000"
"2021","12","40대","복제인간 윤봉구 3 : 첫사랑","9788949124377","","645","919"
"2021","12","40대","브레드이발소 2 : 귀염뽀짝 베이커리타운","9791170287148","","859","583"
"2021","12","40대","빵이 되고 싶은 토끼 ","9791165810184","","710","388"
"2021","12","40대","살롱 드 홈즈 =전건우 장편소설 /Salon de holmes ","9791189178147","","651","1000"
"2021","12","40대","선량한 차별주의자 ","9788936477196","","836","257"
"2021","12","40대","수박 ","9788955826197","","956","551"
"2021","12","40대","스무고개 탐정","9788949195810","2","597","928"
"2021","12","40대","슬기로운 미니멀 라이프 :나에게 필요한 것은 남기고, 똑똑하게 채우는 시간 ","9791197333712","","537","845"
"2021","12","40대","슬기로운 중학교 입학 준비","9791170288978","","444","1000"
"2021","12","40대","시간을 파는 상점 :김선영 장편소설","9788954440042","2","727","1000"
"2021","12","40대","식빵 유령 ","9788901245690","","887","567"
"2021","12","40대","신비아파트 한자 귀신 4 - 악귀 조종자","9791164385454","","936","641"
"2021","12","40대","썬킴의 거침없는 세계사 :전쟁으로 읽는 역사 이야기 ","9791166830518","","569","1000"
"2021","12","40대","아드님, 진지 드세요 ","9788928302802","","503","770"
"2021","12","40대","알사탕 ","9791158360375","","522","229"
"2021","12","40대","엄마의 주식 공부 :생활비 100만 원으로 시작해 자산 20억 원이 되기까지 ","9791190776455","","498","852"
"2021","12","40대","영어 그림책 매일 듣기의 기적 ","9791157687237","","528","828"
"2021","12","40대","오십부터는 노후 걱정 없이 살아야 한다 :자식에게 기대던 시대에서 셀프부양의 시대로 ","9791191347418","","719","1000"
"2021","12","40대","오싹오싹 당근 ","9788925550633","","872","554"
"2021","12","40대","옥상에서 만나요 :정세랑 소설집 ","9788936437534","","901","534"
"2021","12","40대","옷소매 붉은 끝동 :강미강 장편소설","9791104911514","1","406","745"
"2021","12","40대","옷소매 붉은 끝동 :강미강 장편소설","9791104911521","2","389","715"
"2021","12","40대","우리 아이 영어책 지도 =한 살부터 열아홉 살까지 아이표 영어 '책' 도서관 /Guide & map ","9791191183078","","366","810"
"2021","12","40대","이기적 유전자 ","9788932473901","","967","585"
"2021","12","40대","이상한 손님 ","9791158360801","","537","886"
"2021","12","40대","이상한 엄마 ","9791158360214","","556","850"
"2021","12","40대","일의 기쁨과 슬픔 :장류진 소설집 ","9788936438036","","759","302"
"2021","12","40대","입시를 알면 아이 공부가 쉬워진다 :성적 관리부터 진로 설계까지 엄마의 첫 입시 가이드 ","9791191104165","","452","1000"
"2021","12","40대","있으려나 서점 ","9788934981237","","660","984"
"2021","12","40대","잘못 뽑은 반장 ","9788934933700","","660","1000"
"2021","12","40대","장수탕 선녀님 ","9788993242706","","522","233"
"2021","12","40대","재무제표 모르면 주식투자 절대로 하지마라 - 스타강사 사경인 회계사의, 최신 개정판","9791190242271","","569","905"
"2021","12","40대","절대 배신하지 않는 공부의 기술 :당신의 노력을 합격으로 바꾸는 14일 완성 공부 습관 프로젝트 ","9788901248752","","547","1000"
"2021","12","40대","죽고 싶지만 떡볶이는 먹고 싶어 :백세희 에세이 ","9791196394509","","791","470"
"2021","12","40대","지구에서 한아뿐 :정세랑 장편소설 ","9791188862290","","608","206"
"2021","12","40대","진짜 부자 가짜 부자 =사경인 회계사의 부자 되는 돈 공부 /Real rich poor rich ","9791190259170","","645","1000"
"2021","12","40대","질서 너머 :인생의 다음 단계로 나아가는 12가지 법칙 ","9788901249599","","827","511"
"2021","12","40대","초3 공부가 고3까지 간다 :공부습관부터 과목별 공부법까지, 초등 공부의 모든 것 ","9791191228618","","686","1000"
"2021","12","40대","초등 매일 글쓰기의 힘 :글 잘 쓰는 아이가 왜 공부도 잘할까? ","9791185402345","","400","886"
"2021","12","40대","초등 완성 매일 영어책 읽기 습관 :영어 자신감과 성적을 가장 확실하게 잡는 4단계 영어 공부법 ","9791190931151","","686","1000"
"2021","12","40대","초등 자기주도 공부법 :점점 더 잘하는 아이들은 어떻게 공부할까? ","9791190846073","","340","765"
"2021","12","40대","초등생의 수학 학부모의 계획 :수학은 어느 날 갑자기 잘할 수 없습니다 ","9788960499119","","209","556"
"2021","12","40대","추리 천재 엉덩이 탐정과 카레 사건 ","9791164130764","","836","237"
"2021","12","40대","추리 천재 엉덩이 탐정과 카레 사건 ","9791164130764","","261","664"
"2021","12","40대","추리소설가의 살인사건 ","9791166111983","","847","537"
"2021","12","40대","코드네임 C =who are you? /Code name C ","9791165794002","","719","997"
"2021","12","40대","쿠키런 어드벤처 :쿠키들의 신나는 세계여행","9788926387474","14","996","707"
"2021","12","40대","큰일 났다 ","9788961772372","","956","572"
"2021","12","40대","트렌드 코리아 2022 =서울대 소비트렌드분석센터의 2022 전망 /Trend Korea ","9788959897001","","292","610"
"2021","12","40대","틀리면 어떡해? ","9788955824896","","925","596"
"2021","12","40대","파괴자들","9791130641263","","522","900"
"2021","12","40대","팩트풀니스 :우리가 세상을 오해하는 10가지 이유와 세상이 생각보다 괜찮은 이유 ","9788934985068","","872","336"
"2021","12","40대","평생 공부력은 초5에 결정된다 ","9791190179713","","719","1000"
"2021","12","40대","푸른 사자 와니니 :이현 장편동화","9788936443054","2","498","845"
"2021","12","40대","프리즘 :손원평 장편소설 ","9791191071030","","818","480"
"2021","12","40대","피프티 피플 :정세랑 장편소설 ","9788936434243","","528","210"
"2021","12","40대","할 수 있다! 퀀트 투자 :초보자도 연복리 20% 벌 수 있는 주식투자 비법 ","9791195887392","","569","1000"
"2021","12","40대","행운이 너에게 다가오는 중 :이꽃님 장편소설 ","9788954675314","","257","583"
"2021","12","40대","허구의 삶 :이금이 장편소설 ","9788954658263","","608","1000"
"2021","12","40대","호라이 호라이 ","9791160947335","","987","596"
"2021","12","50대","(趙廷來 大河小說) 太白山脈","9788973377947","1","178","1000"
"2021","12","50대","(趙廷來 大河小說) 太白山脈","9788973377954","2","230","1000"
"2021","12","50대","(강흥보의) ETF 투자 특강 :왕초보부터 초고수까지 수익을 내는 투자의 정석 ","9791160075724","","213","1000"
"2021","12","50대","(마흔 살에 시작하는) 주식 공부 5일 완성 ","9791162541869","","225","1000"
"2021","12","50대","(시장을 이긴 숨은 고수 11인의) 초격차 투자법 ","9788901252438","","166","1000"
"2021","12","50대","(허영만의) 주식 타짜 :대한민국 주식 고수 7인의 투자 전략 ","9791189159665","","102","1000"
"2021","12","50대","(현명한 월급쟁이 투자자를 위한) 주식투자 시나리오 :안정적인 배당주부터 수익 높은 미국 주식까지 ","9791162542316","","194","1000"
"2021","12","50대","10년 후에도 살아남을 주식에 투자하라 - 무극선생과 김민희 앵커가 알려주는 주린이를 위한 실전 투자 교과서","9791191517101","","144","1000"
"2021","12","50대","50 이후, 더 재미있게 나이 드는 법 :슬기로운 인생 후반을 위한 7가지 공식 ","9791191842036","","48","1000"
"2021","12","50대","50부터는 인생관을 바꿔야 산다 :이제 자존심, 꿈, 사람은 버리고 오직 나를 위해서만! ","9791190356039","","77","1000"
"2021","12","50대","50부터는 인생관을 바꿔야 산다 :큰글자책 ","9791166570308","","194","1000"
"2021","12","50대","거대한 가속 :포스트 코로나 시대, 우리 앞에 다가온 역사의 변곡점 ","9788901252537","","70","919"
"2021","12","50대","걷는 독서 =Reading while walking along ","9788991418318","","194","1000"
"2021","12","50대","공간이 만든 공간 :새로운 생각은 어떻게 만들어지는가 ","9788932474274","","213","1000"
"2021","12","50대","기억 :베르나르 베르베르 장편소설 ","9788932920337","1","139","928"
"2021","12","50대","기타기타 사건부","9791191253313","","253","1000"
"2021","12","50대","끝까지 쓰는 용기 :정여울의 글쓰기 수업 ","9788934987079","","169","1000"
"2021","12","50대","나는 투자로 30년을 벌었다 :최상위로 올라가는 7가지 투자 습관 ","9791158512248","","160","1000"
"2021","12","50대","나를 살리는 철학 :오래된 지혜가 오늘의 나에게 답하다 ","9791197377129","","188","1000"
"2021","12","50대","나이 드는 게 두렵지 않습니다 :적게 벌어도 잘사는 노후 준비의 모든 것 ","9788927812494","","257","1000"
"2021","12","50대","남편을 버려야 내가 산다 :마음의 자립을 시작한 여자를 위한 심리학 ","9791191104189","","166","1000"
"2021","12","50대","낯선 자의 일기 :엘리 그리피스 장편소설 ","9791161571249","","93","1000"
"2021","12","50대","내 심장을 쏴라 :정유정 장편소설 ","9788956602998","","135","1000"
"2021","12","50대","내가 사랑한 화가들 :살면서 한 번은 꼭 들어야 할 아주 특별한 미술 수업 ","9791158512132","","257","1000"
"2021","12","50대","내일의 부 =세상에서 가장 빨리 99.9% 부자 되는 법! /Rich of tomorrow ","9791187993681","1","205","1000"
"2021","12","50대","내일의 부 =세상에서 가장 빨리 99.9% 부자 되는 법! /Rich of tomorrow ","9791187993698","2","253","1000"
"2021","12","50대","노화의 종말 :하버드 의대 수명 혁명 프로젝트 ","9788960518025","","245","1000"
"2021","12","50대","눈 떠보니 선진국 :앞으로 나아갈 대한민국을 위한 제언 ","9791157845286","","81","928"
"2021","12","50대","당신만 몰랐던 부동산 투자 - 입지의 신 빠숑과 임장의 신 블루999의","9791168210028","","183","1000"
"2021","12","50대","도서관 런웨이 :윤고은 장편소설 ","9791167900296","","213","1000"
"2021","12","50대","돈의 속성 :큰글자책 ","9791191769029","","230","1000"
"2021","12","50대","돈의 흐름 =돈의 길목을 지키는 부자들의 투자전략 8 /The flow of money ","9788950996208","","169","997"
"2021","12","50대","듄의 메시아 ","9791158887551","","245","1000"
"2021","12","50대","디 아더 미세스 :메리 쿠비카 장편소설 ","9791164793501","","131","1000"
"2021","12","50대","마음의 주인 - 마음을 온전히 느끼고 누리는 삶에 대하여","9791195522149","","270","1000"
"2021","12","50대","마음챙김의 시 ","9791190382267","","245","1000"
"2021","12","50대","메타버스가 만드는 가상경제 시대가 온다 ","9791160076097","","128","1000"
"2021","12","50대","메타버스의 시대 :미래의 부와 기회를 선점하는 7대 메가트렌드 ","9791130640235","","194","1000"
"2021","12","50대","명상 살인 :죽여야 하는 변호사 ","9788933871645","","102","928"
"2021","12","50대","미국주식으로 은퇴하기 ","9788960305717","","230","1000"
"2021","12","50대","미스터 마켓 2021 =삼프로TV와 함께하는 2021년 주식시장 전망과 투자 전략 /Mr. market ","9791190977036","","257","1000"
"2021","12","50대","미적분의 힘 :복잡한 세상을 푸는 단순하고 강력한 도구 ","9791164051335","","264","1000"
"2021","12","50대","믿는 인간에 대하여 :라틴어 수업, 두 번째 시간 =De homine credente : lectiones linguae Latinae pars secunda ","9788965964674","","139","1000"
"2021","12","50대","버닝 룸 ","9788925588759","","139","1000"
"2021","12","50대","벌거벗은 미술관 :양정무의 미술 에세이 ","9788936478780","","119","1000"
"2021","12","50대","부서진 여름 :이정명 장편소설 ","9791191071573","","93","1000"
"2021","12","50대","부의 시작 - ETF만으로도 꼬박꼬박 연 40% 수익 내는 법","9791165216955","","169","1000"
"2021","12","50대","부의 진리 :삼성전자를 사야 하는 이유 ","9791170431695","","257","1000"
"2021","12","50대","부자들은 이런 주식을 삽니다 :861% 수익을 올린 젊은 투자자 김현준의 실전 투자법 ","9791191425604","","194","1000"
"2021","12","50대","수도자처럼 생각하기 :목적 있는 삶을 위한 11가지 기술 ","9791130638201","","205","1000"
"2021","12","50대","숙명 ","9791165077259","","188","1000"
"2021","12","50대","숫자는 어떻게 진실을 말하는가 :넘겨짚지 않고 현실을 직시하는 71가지 통찰 ","9788934944218","","144","1000"
"2021","12","50대","스스로 행복하라 ","9788946421158","","230","1000"
"2021","12","50대","스키마와라시 :온다 리쿠 장편소설 ","9791197103292","","205","1000"
"2021","12","50대","싱크 어게인 :모르는 것을 아는 힘 ","9788947547079","","169","1000"
"2021","12","50대","아버지에게 갔었어 :신경숙 장편소설 ","9788936434465","","55","824"
"2021","12","50대","아주 보통의 행복 :평범해서 더욱 소중한 ","9788950996437","","99","1000"
"2021","12","50대","어떤 죽음이 삶에게 말했다 :생의 남은 시간이 우리에게 들려주는 것 ","9788965964230","","144","1000"
"2021","12","50대","영혼 통행증","9791191253382","","183","1000"
"2021","12","50대","오십부터는 노후 걱정 없이 살아야 한다 :자식에게 기대던 시대에서 셀프부양의 시대로 ","9791191347418","","76","1000"
"2021","12","50대","오십에 읽는 논어 :굽이치는 인생을 다잡아 주는 공자의 말 ","9791190826839","","72","1000"
"2021","12","50대","오직 두 사람 :김영하 소설 ","9788954645614","","164","1000"
"2021","12","50대","우리가 쓴 것 :조남주 소설집 ","9788937472060","","213","1000"
"2021","12","50대","우리가 인생이라 부르는 것들 :자기 삶의 언어를 찾는 열네 번의 시 강의 ","9791189995539","","169","1000"
"2021","12","50대","이 책을 주식투자 시작 전에 봤더라면 - 주린이들이 3년의 시간을 날리지 않을 주식 투자법","9791191292213","","257","1000"
"2021","12","50대","이어령의 마지막 수업 ","9791170400523","","131","1000"
"2021","12","50대","이제는 나로 살아야 한다 :자기실현을 위한 중년의 심리학 ","9788950997267","","194","1000"
"2021","12","50대","인생은 왜 50부터 반등하는가 :브루킹스연구소 수석연구원이 찾아낸 행복의 조건 ","9788960518803","","60","1000"
"2021","12","50대","일어날 일은 일어난다 :양자역학, 창발하는 우주, 생명, 의미 ","9788962623925","","264","1000"
"2021","12","50대","작가들의 비밀스러운 삶 :기욤 뮈소 장편소설 ","9788984373853","","230","1000"
"2021","12","50대","장면들 - 손석희의 저널리즘 에세이","9788936478902","","178","1000"
"2021","12","50대","재개발 모르면 부자될 수 없다 :3년 만에 150억대로 부의 퀀텀 점프 ","9788947547437","","230","1000"
"2021","12","50대","적정한 삶 =불안의 시대를 살아가는 우리에게 건네는 인지심리학의 위로와 통찰 /Appropriate life ","9788997743520","","88","828"
"2021","12","50대","조국의 시간 :아픔과 진실 말하지 못한 생각 ","9788935668663","","64","953"
"2021","12","50대","조금 알고 적당히 모르는 오십이 되었다 :「척」에 숨긴 내 마음을 드러내는 시간 ","9788935213405","","119","1000"
"2021","12","50대","조선의 형사들 :정명섭 장편소설 ","9791189178468","","230","1000"
"2021","12","50대","좋은 주식 나쁜 주식 =부의 추월차선에 오르기 위한 진짜 주식 공부 /Good stock bad stock ","9788947546997","","183","1000"
"2021","12","50대","죄의 궤적 :오쿠다 히데오 장편소설 ","9791191071016","1","151","1000"
"2021","12","50대","죄의 궤적 :오쿠다 히데오 장편소설 ","9791191071023","2","169","1000"
"2021","12","50대","주식 투자 기본도 모르고 할 뻔했다 ","9788967995638","","194","1000"
"2021","12","50대","주식 투자의 지혜 ","9791188754427","","102","1000"
"2021","12","50대","주식하는 마음 :주식투자의 운과 실력, 결국은 마음이다! ","9791130632032","","257","1000"
"2021","12","50대","직지 :김진명 장편소설 ","9788965708322","1","188","1000"
"2021","12","50대","직지 :김진명 장편소설 ","9788965708339","2","213","1000"
"2021","12","50대","집과 산책 =Home and walk ","9791197488207","","183","1000"
"2021","12","50대","천년의 질문 :조정래 장편소설 ","9788965746836","2","102","1000"
"2021","12","50대","천년의 질문 :조정래 장편소설 ","9788965746829","1","55","945"
"2021","12","50대","천년의 질문 :조정래 장편소설 ","9788965746843","3","115","1000"
"2021","12","50대","친애하는 나의 민원인 :'외곽주의자' 검사가 바라본 진실 너머의 풍경들 ","9791160406191","","155","1000"
"2021","12","50대","토지 :박경리 대하소설","9788960532410","1","225","1000"
"2021","12","50대","투자의 신세계 - 국내 최고 경제 전문가들이 말하는 부의 확장 전략","9791197516511","","83","1000"
"2021","12","50대","파리 마카롱 수수께끼 =The paris macaron mystery ","9788954682367","","213","1000"
"2021","12","50대","평생 부자로 사는 주식투자 :대한민국 최상위 슈퍼개미의 주식투자론 ","9791197001918","","154","1000"
"2021","12","50대","폭풍의 시간 :넬레 노이하우스 장편소설 ","9791158791643","","160","1000"
"2021","12","50대","풀꽃도 꽃이다 :조정래 장편소설","9788965745617","1","225","1000"
"2021","12","50대","피가 흐르는 곳에 ","9791158880729","","164","1000"
"2021","12","50대","하루쯤 나 혼자 어디라도 가야겠다 :가볍게 떠나는 30가지 일상 탈출 여행법 ","9791191013320","","155","1000"
"2021","12","50대","할 수 있다! 퀀트 투자 :초보자도 연복리 20% 벌 수 있는 주식투자 비법 ","9791195887392","","213","1000"
"2021","12","50대","형사의 약속 ","9791190157339","","205","1000"
"2021","12","50대","호모 데우스 :미래의 역사 ","9788934977841","","230","1000"
"2021","12","60대 이상","(趙廷來 大河小說) 太白山脈","9788973377947","1","15","1000"
"2021","12","60대 이상","(趙廷來 大河小說) 太白山脈","9788973377954","2","17","1000"
"2021","12","60대 이상","(趙廷來 大河小說) 太白山脈","9788973377978","4","23","1000"
"2021","12","60대 이상","(趙廷來 大河小說) 太白山脈","9788973377961","3","31","1000"
"2021","12","60대 이상","(趙廷來 大河小說) 太白山脈","9788973377992","6","36","1000"
"2021","12","60대 이상","(趙廷來 大河小說) 太白山脈","9788973377985","5","36","1000"
"2021","12","60대 이상","(趙廷來 大河小說) 太白山脈","9788973378012","8","45","1000"
"2021","12","60대 이상","(趙廷來 大河小說) 太白山脈","9788973378036","10","54","1000"
"2021","12","60대 이상","(趙廷來 大河小說) 太白山脈","9788973378005","7","60","1000"
"2021","12","60대 이상","(趙廷來 大河小說) 太白山脈","9788973378029","9","71","1000"
"2021","12","60대 이상","(趙廷來 大河小說) 아리랑","9788973378050","1","20","1000"
"2021","12","60대 이상","(趙廷來 大河小說) 아리랑","9788973378067","2","45","1000"
"2021","12","60대 이상","(趙廷來 大河小說) 아리랑","9788973378074","3","60","1000"
"2021","12","60대 이상","(趙廷來 大河小說) 아리랑","9788973378081","4","80","1000"
"2021","12","60대 이상","(趙廷來 大河小說) 아리랑","9788973378098","5","103","1000"
"2021","12","60대 이상","(趙廷來 大河小說) 아리랑","9788973378104","6","107","1000"
"2021","12","60대 이상","(근심 걱정이 사라지고 인생이 편안해지는) 반야심경 마음공부 ","9791190826556","","103","1000"
"2021","12","60대 이상","10호실 ","9791188285938","","127","1000"
"2021","12","60대 이상","50부터는 인생관을 바꿔야 산다 :큰글자책 ","9791166570308","","89","1000"
"2021","12","60대 이상","객주 :김주영 장편소설","9788954621090","2","8","1000"
"2021","12","60대 이상","객주 :김주영 장편소설","9788954621083","1","9","1000"
"2021","12","60대 이상","객주 :김주영 장편소설","9788954621106","3","17","1000"
"2021","12","60대 이상","객주 :김주영 장편소설","9788954621311","4","45","1000"
"2021","12","60대 이상","객주 :김주영 장편소설","9788954621335","6","99","1000"
"2021","12","60대 이상","객주 :김주영 장편소설","9788954621595","7","150","1000"
"2021","12","60대 이상","객주 :김주영 장편소설","9788954622448","10","158","1000"
"2021","12","60대 이상","객주 5 - 제2부 경상, 개정판","9788954621328","","80","1000"
"2021","12","60대 이상","거대한 가속 :포스트 코로나 시대, 우리 앞에 다가온 역사의 변곡점 ","9788901252537","","77","919"
"2021","12","60대 이상","고구려 :김진명 역사소설","9791187192244","6","42","1000"
"2021","12","60대 이상","고구려 :김진명 역사소설","9788993964585","5","64","1000"
"2021","12","60대 이상","고구려 :김진명 역사소설","9788993964271","2","71","1000"
"2021","12","60대 이상","고구려 :김진명 역사소설","9788993964349","4","71","1000"
"2021","12","60대 이상","고구려 :김진명 역사소설","9788993964264","1","99","1000"
"2021","12","60대 이상","고구려 :김진명 역사소설","9788993964288","3","111","1000"
"2021","12","60대 이상","기타기타 사건부","9791191253313","","150","1000"
"2021","12","60대 이상","나는 101세, 현역 의사입니다 :은퇴를 모르는 장수 의사의 45가지 건강 습관 ","9788947547413","","89","1000"
"2021","12","60대 이상","나를 살리는 철학 :오래된 지혜가 오늘의 나에게 답하다 ","9791197377129","","71","1000"
"2021","12","60대 이상","나이 드는 게 두렵지 않습니다 :적게 벌어도 잘사는 노후 준비의 모든 것 ","9788927812494","","117","1000"
"2021","12","60대 이상","남아 있는 시간을 위하여:100세 철학자의 대표산문선","9788934998990","","80","1000"
"2021","12","60대 이상","낯선 자의 일기 :엘리 그리피스 장편소설 ","9791161571249","","95","1000"
"2021","12","60대 이상","노란집 ","9788970637778","","143","1000"
"2021","12","60대 이상","달콤한 숨결 :유즈키 유코 장편소설 ","9788934949077","","89","1000"
"2021","12","60대 이상","디 아더 미세스 :메리 쿠비카 장편소설 ","9791164793501","","50","1000"
"2021","12","60대 이상","명상 살인 :죽여야 하는 변호사 ","9788933871645","","80","928"
"2021","12","60대 이상","미중전쟁 :김진명 장편소설 ","9788965705468","2","135","1000"
"2021","12","60대 이상","미중전쟁 :김진명 장편소설 ","9788965705451","1","135","1000"
"2021","12","60대 이상","믿는 인간에 대하여 :라틴어 수업, 두 번째 시간 =De homine credente : lectiones linguae Latinae pars secunda ","9788965964674","","117","1000"
"2021","12","60대 이상","방황하는 칼날 :히가시노 게이고 장편소설 ","9791136278630","","127","1000"
"2021","12","60대 이상","백년을 살아보니 :인생의 황금기는 60~75세 ","9791185716435","","135","1000"
"2021","12","60대 이상","버닝 룸 ","9788925588759","","135","1000"
"2021","12","60대 이상","벌거벗은 미술관 :양정무의 미술 에세이 ","9788936478780","","87","1000"
"2021","12","60대 이상","부서진 여름 :이정명 장편소설 ","9791191071573","","26","1000"
"2021","12","60대 이상","소금 :박범신 장편소설 ","9788984316904","","111","1000"
"2021","12","60대 이상","스스로 행복하라 ","9788946421158","","50","1000"
"2021","12","60대 이상","스스로 행복하라 :큰글자책 ","9788946421264","","143","1000"
"2021","12","60대 이상","아름다운 우리 절을 걷다 :누구나 찾지만 잘 알지 못하는 사찰을 구석구석 즐기는 방법 ","9791190266031","","150","1000"
"2021","12","60대 이상","아버지의 죽음 앞에서 :호스피스 의사가 아버지를 떠나보내며 깨달은 삶의 의미 ","9791190538381","","107","1000"
"2021","12","60대 이상","어떤 죽음이 삶에게 말했다 :생의 남은 시간이 우리에게 들려주는 것 ","9788965964230","","36","1000"
"2021","12","60대 이상","어른답게 삽시다[큰글자] :미운 백 살이 되고 싶지 않은 어른들을 위하여 :이시형 에세이","9791167030160","","33","1000"
"2021","12","60대 이상","이어령의 마지막 수업 ","9791170400523","","23","1000"
"2021","12","60대 이상","이토록 매혹적인 아랍이라니 :올드 사나에서 바그다드까지, 18년 5개국 6570일의 사막 일기 ","9788960518773","","50","1000"
"2021","12","60대 이상","일몰의 저편 ","9791191253368","","127","1000"
"2021","12","60대 이상","정글만리 :조정래 장편소설","9788965744023","1","55","1000"
"2021","12","60대 이상","정글만리 :조정래 장편소설","9788965744030","2","80","1000"
"2021","12","60대 이상","정글만리 :조정래 장편소설","9788965744047","3","95","1000"
"2021","12","60대 이상","조국의 시간 :아픔과 진실 말하지 못한 생각 ","9788935668663","","67","953"
"2021","12","60대 이상","좋은지 나쁜지 누가 아는가 ","9791186900789","","135","1000"
"2021","12","60대 이상","죄의 궤적 :오쿠다 히데오 장편소설 ","9791191071023","2","111","1000"
"2021","12","60대 이상","죄의 궤적 :오쿠다 히데오 장편소설 ","9791191071016","1","127","1000"
"2021","12","60대 이상","주식 투자의 지혜 ","9791188754427","","127","1000"
"2021","12","60대 이상","지금 이대로 좋다 :큰글자책 ","9791187297314","","111","1000"
"2021","12","60대 이상","직지 :김진명 장편소설 ","9788965708322","1","26","1000"
"2021","12","60대 이상","직지 :김진명 장편소설 ","9788965708339","2","60","1000"
"2021","12","60대 이상","집행관들 :조완선 장편소설 ","9791130635507","","67","1000"
"2021","12","60대 이상","천년의 질문 :조정래 장편소설 ","9788965746843","3","5","1000"
"2021","12","60대 이상","천년의 질문 :조정래 장편소설 ","9788965746836","2","6","1000"
"2021","12","60대 이상","천년의 질문 :조정래 장편소설 ","9788965746829","1","1","945"
"2021","12","60대 이상","토지 :박경리 대하소설","9788960532410","1","103","1000"
"2021","12","60대 이상","토지 :박경리 대하소설","9788960532427","2","117","1000"
"2021","12","60대 이상","폭풍의 시간 :넬레 노이하우스 장편소설 ","9791158791643","","135","1000"
"2021","12","60대 이상","풀꽃도 꽃이다 :조정래 장편소설","9788965745617","1","26","1000"
"2021","12","60대 이상","풀꽃도 꽃이다 :조정래 장편소설","9788965745624","2","42","1000"
"2021","12","60대 이상","하란사 :권비영 장편소설 ","9791167030191","","117","1000"
"2021","12","60대 이상","하루쯤 나 혼자 어디라도 가야겠다 :가볍게 떠나는 30가지 일상 탈출 여행법 ","9791191013320","","150","1000"
"2021","12","60대 이상","한강:趙廷來 大河小說","9788973378319","1","21","1000"
"2021","12","60대 이상","한강:趙廷來 大河小說","9788973378326","2","29","1000"
"2021","12","60대 이상","한강:趙廷來 大河小說","9788973378371","7","36","1000"
"2021","12","60대 이상","한강:趙廷來 大河小說","9788973378364","6","45","1000"
"2021","12","60대 이상","한강:趙廷來 大河小說","9788973378333","3","55","1000"
"2021","12","60대 이상","한강:趙廷來 大河小說","9788973378401","10","55","1000"
"2021","12","60대 이상","한강:趙廷來 大河小說","9788973378340","4","64","1000"
"2021","12","60대 이상","한강:趙廷來 大河小說","9788973378395","9","64","1000"
"2021","12","60대 이상","한강:趙廷來 大河小說","9788973378357","5","67","1000"
"2021","12","60대 이상","한강:趙廷來 大河小說","9788973378388","8","77","1000"
"2021","12","60대 이상","해리 :공지영 장편소설 ","9788965746614","1","143","1000"
"2021","12","60대 이상","형사의 약속 ","9791190157339","","71","1000"
"2021","12","60대 이상","혼불 :대하소설","9788993607024","2","33","1000"
"2021","12","60대 이상","혼불 :대하소설","9788993607017","1","36","1000"
"2021","12","60대 이상","혼불 :대하소설","9788993607031","3","80","1000"
"2021","12","60대 이상","흔한남매","9791164136261","6","909","29"
"2021","12","영유아(0~5)","(와글와글) 토끼 아파트 ","9788945220967","","163","1000"
"2021","12","영유아(0~5)","가나다는 맛있다 ","9791158360290","","137","1000"
"2021","12","영유아(0~5)","강아지똥 ","9788986621136","","89","972"
"2021","12","영유아(0~5)","계란말이 버스 ","9791163140573","","137","1000"
"2021","12","영유아(0~5)","고민 식당 ","9788970941981","","177","1000"
"2021","12","영유아(0~5)","곰돌이 팬티 =Polar bear's underwear ","9788997728428","","148","1000"
"2021","12","영유아(0~5)","곰이 강을 따라갔을 때 ","9791170440239","","113","1000"
"2021","12","영유아(0~5)","구름빵","9788953527058","","98","1000"
"2021","12","영유아(0~5)","구름빵 : 엄마의 립스틱","9788953581180","","148","1000"
"2021","12","영유아(0~5)","구름빵 : 키 크는 빵 주세요","9788953581166","","125","1000"
"2021","12","영유아(0~5)","구름빵 꿈이 너무 많아 ","9788953583979","","163","1000"
"2021","12","영유아(0~5)","구름빵 뒤죽박죽 방 치우기 ","9788953582767","","137","1000"
"2021","12","영유아(0~5)","구름빵 이빨 빠진 날 ","9788953584037","","148","1000"
"2021","12","영유아(0~5)","귤이 :서지현 그림책 ","9791158362300","","84","1000"
"2021","12","영유아(0~5)","그들도 아이였다 ","9791189010003","","9","1000"
"2021","12","영유아(0~5)","기차가 덜컹덜컹 ","9791158360061","","177","1000"
"2021","12","영유아(0~5)","꽁꽁꽁 ","9791158360276","","89","958"
"2021","12","영유아(0~5)","꿈에서 맛본 똥파리 ","9791185564128","","78","1000"
"2021","12","영유아(0~5)","꿈에서 맛본 똥파리 ","9791185564128","","177","1000"
"2021","12","영유아(0~5)","나는 내가 좋아","9788927187035","12","177","1000"
"2021","12","영유아(0~5)","나무가 자라는 빌딩 :윤강미 그림책 ","9788936455354","","163","1000"
"2021","12","영유아(0~5)","나의 첫 젠더 수업 ","9788936452278","","5","1000"
"2021","12","영유아(0~5)","내 멋대로 슈크림빵 :김지안 그림책 ","9788901245324","","148","1000"
"2021","12","영유아(0~5)","내복토끼 ","9791170478683","","120","1000"
"2021","12","영유아(0~5)","노을 수프 ","9791164138623","","74","1000"
"2021","12","영유아(0~5)","농부 할아버지와 아기 채소들 :현민경 그림책 ","9788901252018","","163","1000"
"2021","12","영유아(0~5)","눈 오는 날","9788949110172","","113","1000"
"2021","12","영유아(0~5)","눈 오는 날의 기적 ","9788925558226","","148","1000"
"2021","12","영유아(0~5)","눈물바다 ","9788958284055","","137","1000"
"2021","12","영유아(0~5)","눈이 오면 ","9788901247175","","163","1000"
"2021","12","영유아(0~5)","달 샤베트 ","9791185564074","","57","958"
"2021","12","영유아(0~5)","달밤 수영장","9791190867412","","125","1000"
"2021","12","영유아(0~5)","달빛 조각 :윤강미 그림책 ","9788936455699","","113","1000"
"2021","12","영유아(0~5)","대장 토끼는 나다운 게 좋아 ","9788964964422","","163","1000"
"2021","12","영유아(0~5)","도깨비를 빨아 버린 우리 엄마","9788970940199","","163","1000"
"2021","12","영유아(0~5)","도토리 마을의 목공소 ","9788901220420","","125","1000"
"2021","12","영유아(0~5)","딩동 거미 ","9788970949970","","39","909"
"2021","12","영유아(0~5)","딸기가 좋아! 토끼 베이커리 ","9791162040997","","177","1000"
"2021","12","영유아(0~5)","딸기와 팡이 ","9791190931564","","148","1000"
"2021","12","영유아(0~5)","마법의 방방 :최민지 그림책 ","9791189280932","","177","1000"
"2021","12","영유아(0~5)","말하면 힘이 세지는 말 ","9788994621937","","148","1000"
"2021","12","영유아(0~5)","맛있는 숲의 레몬 ","9791190931472","","113","1000"
"2021","12","영유아(0~5)","몬스터 콜스 ","9788901140605","","9","1000"
"2021","12","영유아(0~5)","문어 목욕탕 ","9791188867127","","148","1000"
"2021","12","영유아(0~5)","문어 팬티 ","9791165731380","","137","1000"
"2021","12","영유아(0~5)","뭐든지 나라의 가나다 ","9788943313647","","125","1000"
"2021","12","영유아(0~5)","밀키웨이로 떠나요","9788927187264","35","163","1000"
"2021","12","영유아(0~5)","바다가 좋아! 토끼 베이커리 ","9791162041178","","104","992"
"2021","12","영유아(0~5)","산딸기 임금님 :고수진 그림책 ","9788936454999","","109","1000"
"2021","12","영유아(0~5)","산타 유치원 ","9791164062904","","113","1000"
"2021","12","영유아(0~5)","산타 할아버지가 우리 할아버지라면 ","9788974741242","","84","1000"
"2021","12","영유아(0~5)","산타 할아버지에게 선물을","9788927187479","56","71","1000"
"2021","12","영유아(0~5)","설날 ","9788955825893","","177","1000"
"2021","12","영유아(0~5)","세모 ","9788952786647","","148","1000"
"2021","12","영유아(0~5)","수박씨를 삼켰어! ","9788964961919","","74","1000"
"2021","12","영유아(0~5)","수상한 신호등","9788949105239","","70","1000"
"2021","12","영유아(0~5)","슈퍼 출동! 공룡 자동차 ","9791166372797","","113","1000"
"2021","12","영유아(0~5)","식탁 위의 세계사 ","9788936452056","","3","857"
"2021","12","영유아(0~5)","쌍코피가 팡","9788927186991","8","163","1000"
"2021","12","영유아(0~5)","쓰레기통 요정 :안녕달 그림책 ","9791158361518","","89","939"
"2021","12","영유아(0~5)","아빠는 회사에서 내 생각 해? ","9788955823240","","137","1000"
"2021","12","영유아(0~5)","아이스크림 걸음! ","9791186531778","","65","896"
"2021","12","영유아(0~5)","악어 엄마 ","9791161720692","","148","1000"
"2021","12","영유아(0~5)","애너벨과 신기한 털실 ","9788955822564","","148","1000"
"2021","12","영유아(0~5)","어서 와요, 달평 씨 :신민재 그림책 ","9791158362539","","89","1000"
"2021","12","영유아(0~5)","엄마 아빠 결혼 이야기","9788958289845","","125","1000"
"2021","12","영유아(0~5)","엄마, 이제 그만!","9788927186984","7","137","1000"
"2021","12","영유아(0~5)","엄마가 100명이라면","9788927187165","25","177","1000"
"2021","12","영유아(0~5)","엄마가 정말 좋아요 ","9788955823295","","33","1000"
"2021","12","영유아(0~5)","엄마는 회사에서 내 생각 해? ","9788955823066","","84","1000"
"2021","12","영유아(0~5)","엉덩이 학교 ","9791187914167","","137","1000"
"2021","12","영유아(0~5)","옷장 속의 세계사 ","9788936452100","","7","1000"
"2021","12","영유아(0~5)","완벽한 아이 팔아요 ","9788962229806","","104","1000"
"2021","12","영유아(0~5)","왜냐면… ","9791158360382","","65","1000"
"2021","12","영유아(0~5)","왜요, 그 말이 어때서요? :나도 모르게 쓰는 차별의 언어 ","9788972979463","","5","1000"
"2021","12","영유아(0~5)","우주 관람차 :김성미 그림책 ","9791158362485","","65","1000"
"2021","12","영유아(0~5)","우주로 간 김땅콩 :윤지회 그림책 ","9791160944518","","54","1000"
"2021","12","영유아(0~5)","유치원이 없어졌어요","9788927187417","50","177","1000"
"2021","12","영유아(0~5)","으쌰으쌰 당근 :멜리 그림책 ","9791158362508","","53","1000"
"2021","12","영유아(0~5)","이상한 손님 ","9791158360801","","24","886"
"2021","12","영유아(0~5)","절대로 누르면 안 돼! 크리스마스에도 ","9788966351268","","89","1000"
"2021","12","영유아(0~5)","절대로 누르면 안 돼! 핼러윈에도","9788966351435","","98","1000"
"2021","12","영유아(0~5)","졸려 졸려 크리스마스","9791187287872","","120","1000"
"2021","12","영유아(0~5)","초밥이 빙글빙글 ","9791158360245","","120","1000"
"2021","12","영유아(0~5)","친구 사귀기 ","9788955824476","","163","987"
"2021","12","영유아(0~5)","카레가 보글보글 ","9791158361884","","120","1000"
"2021","12","영유아(0~5)","코끼리 미용실 ","9791188867233","","148","1000"
"2021","12","영유아(0~5)","쿵쿵 아파트 :전승배·강인숙 그림책 ","9788936455491","","137","1000"
"2021","12","영유아(0~5)","팬티 바르게 개는 법 :어른을 꿈꾸는 15세의 자립 수업 ","9788997870073","","13","1000"
"2021","12","영유아(0~5)","펭귄 호텔 ","9788925564883","","125","1000"
"2021","12","영유아(0~5)","하나 둘 셋 공룡","9788949105024","","177","1000"
"2021","12","영유아(0~5)","한 밤만 더 자면","9788927187042","13","148","1000"
"2021","12","영유아(0~5)","한그릇 :변정원 그림책 ","9788943312459","","84","1000"
"2021","12","영유아(0~5)","할머니의 용궁 여행 ","9791190077439","","78","953"
"2021","12","영유아(0~5)","해보기를 잘했어!","9788927187226","31","68","1000"
"2021","12","영유아(0~5)","행복한 여섯 살","9788927187059","14","89","1000"
"2021","12","영유아(0~5)","화가 나서 그랬어! ","9788932374116","","163","1000"
"2021","12","영유아(0~5)","황금 로봇, 출동!","9788927186960","5","163","1000"
"2021","12","영유아(0~5)","휴지가 돌돌돌 :술술 잘 읽히는 책 ","9788901249476","","125","1000"
"2021","12","영유아(0~5)","흔한남매의 흔한 호기심 :일상에서 만나는 과학 상식","9791164136032","1","884","58"
"2021","12","유아(6~7)","(만화로 보는)그리스 로마 신화","9788957363034","3","246","928"
"2021","12","유아(6~7)","(백종원의) 도전 요리왕 :음식으로 맛보는 세계 역사 문화 체험 ","9791190182522","2","834","275"
"2021","12","유아(6~7)","(오늘의 일기) 학교 가는 날 ","9788943308827","","187","1000"
"2021","12","유아(6~7)","(읽으면서 바로 해 보는) 어린이 게임 ","9791158681395","","406","972"
"2021","12","유아(6~7)","(초등학생을 위한) 욕심쟁이 딸기 아저씨 :특별판 ","9791159950179","","424","1000"
"2021","12","유아(6~7)","(카카오프렌즈) 과학 탐정단 :미스터리 과학 학습만화","9791136215109","3","325","984"
"2021","12","유아(6~7)","42가지 마음의 색깔 ","9791195588602","","325","1000"
"2021","12","유아(6~7)","7년 동안의 잠 :박완서 그림동화 ","9788972887683","","101","817"
"2021","12","유아(6~7)","간질간질 ","9791160940688","","131","761"
"2021","12","유아(6~7)","강아지 복실이 ","9788911030224","","312","1000"
"2021","12","유아(6~7)","과학의 관점 1 : 관찰하기 - 분석적 사고력·창의력·논리력을 개발하는 과학 영재 프로젝트","9791188364268","","389","1000"
"2021","12","유아(6~7)","괴물들이 사는 궁궐 ","9791159952647","","366","1000"
"2021","12","유아(6~7)","귤이 :서지현 그림책 ","9791158362300","","406","1000"
"2021","12","유아(6~7)","꽁꽁꽁 ","9791158360276","","312","958"
"2021","12","유아(6~7)","꽁꽁꽁 좀비 ","9791158362478","","75","838"
"2021","12","유아(6~7)","꿀 독에 빠진 여우 ","9788961706162","","424","1000"
"2021","12","유아(6~7)","꿈에서 맛본 똥파리 ","9791185564128","","464","1000"
"2021","12","유아(6~7)","끼인 날 ","9791165731373","","208","892"
"2021","12","유아(6~7)","나는 자라요 ","9788936454944","","389","1000"
"2021","12","유아(6~7)","내 멋대로 슈크림빵 :김지안 그림책 ","9788901245324","","246","1000"
"2021","12","유아(6~7)","눈물바다 ","9788958284055","","366","1000"
"2021","12","유아(6~7)","달밤 수영장","9791190867412","","366","1000"
"2021","12","유아(6~7)","대장 토끼는 포기하지 않아 ","9788964964194","","406","1000"
"2021","12","유아(6~7)","도깨비를 빨아 버린 우리 엄마","9788970940199","","464","1000"
"2021","12","유아(6~7)","도서관 탐구 생활 ","9788966350544","","464","1000"
"2021","12","유아(6~7)","딸기가 좋아! 토끼 베이커리 ","9791162040997","","424","1000"
"2021","12","유아(6~7)","마법천자문 :손오공의 한자 대탐험","9788950976859","1","325","1000"
"2021","12","유아(6~7)","마법천자문 :손오공의 한자 대탐험","9788950954949","28","294","866"
"2021","12","유아(6~7)","마법천자문 :손오공의 한자 대탐험","9788950952587","27","444","984"
"2021","12","유아(6~7)","마법천자문 2 - 솟아라! 뿔 각角","9788950936013","","354","1000"
"2021","12","유아(6~7)","만복이네 떡집 ","9788949161341","","182","941"
"2021","12","유아(6~7)","만희네 집 ","9788986621105","","406","1000"
"2021","12","유아(6~7)","먹는 이야기 ","9788955821697","","406","1000"
"2021","12","유아(6~7)","미안하고 고맙고 사랑해 ","9788955823486","","344","1000"
"2021","12","유아(6~7)","바다가 좋아! 토끼 베이커리 ","9791162041178","","282","992"
"2021","12","유아(6~7)","뼈뼈 사우루스","9791164130252","4","230","958"
"2021","12","유아(6~7)","뼈뼈 사우루스","9791162338964","3","294","1000"
"2021","12","유아(6~7)","뼈뼈 사우루스","9791164130757","5","325","1000"
"2021","12","유아(6~7)","뼈뼈 사우루스","9791164137619","11","366","1000"
"2021","12","유아(6~7)","뼈뼈 사우루스","9791164134335","8","366","1000"
"2021","12","유아(6~7)","뼈뼈 사우루스","9791162336069","1","217","838"
"2021","12","유아(6~7)","뼈뼈 사우루스","9791164132034","6","389","1000"
"2021","12","유아(6~7)","뼈뼈 사우루스","9791164132560","7","389","1000"
"2021","12","유아(6~7)","뼈뼈 사우루스","9791162337301","2","366","924"
"2021","12","유아(6~7)","산딸기 크림봉봉 ","9791185751917","","444","1000"
"2021","12","유아(6~7)","산타 할아버지가 우리 할아버지라면 ","9788974741242","","366","1000"
"2021","12","유아(6~7)","새 차 사는 날 ","9788955825299","","464","1000"
"2021","12","유아(6~7)","설날 ","9788955825893","","312","1000"
"2021","12","유아(6~7)","세금 내는 아이들 ","9788947547260","","665","76"
"2021","12","유아(6~7)","세상에 둘도 없는 반짝이 신발 ","9791157852055","","257","1000"
"2021","12","유아(6~7)","세상에서 제일 재밌는 종이접기 :색종이 한 장이면 장난감 뚝딱! ","9791186494431","","444","1000"
"2021","12","유아(6~7)","손 큰 할머니의 만두 만들기 ","9788986565065","","389","1000"
"2021","12","유아(6~7)","수영장 가는 날 =염혜원 그림책 /Saturday is swimming day ","9788936455286","","366","1000"
"2021","12","유아(6~7)","신비아파트 한자 귀신 11 - 악귀의 노래","9791164386994","","366","953"
"2021","12","유아(6~7)","신비아파트 한자 귀신 12 - 영혼이 모이는 동굴","9791164387175","","294","900"
"2021","12","유아(6~7)","신비아파트 한자 귀신 13 - 타락한 신선","9791164387380","","312","875"
"2021","12","유아(6~7)","신비아파트 한자 귀신 14 - 차원의 미아","9791164387564","","282","875"
"2021","12","유아(6~7)","신비아파트 한자 귀신 15 - 로봇의 마음","9791164387731","","325","1000"
"2021","12","유아(6~7)","심심해 심심해 ","9788934978688","","135","814"
"2021","12","유아(6~7)","십 년 가게","9791191425840","4","665","102"
"2021","12","유아(6~7)","싸워도 돼요? ","9788955822823","","282","1000"
"2021","12","유아(6~7)","아빠는 회사에서 내 생각 해? ","9788955823240","","389","1000"
"2021","12","유아(6~7)","아이스크림 걸음! ","9791186531778","","325","896"
"2021","12","유아(6~7)","애너벨과 신기한 털실 ","9788955822564","","366","1000"
"2021","12","유아(6~7)","어서 와요, 달평 씨 :신민재 그림책 ","9791158362539","","344","1000"
"2021","12","유아(6~7)","엄마 까투리 ","9788989646488","","312","1000"
"2021","12","유아(6~7)","엄마 아빠 결혼 이야기","9788958289845","","325","1000"
"2021","12","유아(6~7)","엄마가 정말 좋아요 ","9788955823295","","406","1000"
"2021","12","유아(6~7)","엄마는 왜? ","9788955824995","","389","1000"
"2021","12","유아(6~7)","엄마는 회사에서 내 생각 해? ","9788955823066","","312","1000"
"2021","12","유아(6~7)","엄마의 이상한 출근길 :김영진 그림책 ","9791158362270","","202","779"
"2021","12","유아(6~7)","엉덩이 탐정 : 뿡뿡 사라진 과자를 찾아라!","9788959761654","","236","1000"
"2021","12","유아(6~7)","엉덩이 탐정 :뿡뿡 괴도가 나타나다! ","9788959762408","","196","875"
"2021","12","유아(6~7)","엉덩이탐정 :뿡뿡 무지개 다이아몬드를 찾아라! ","9788959761906","","354","1000"
"2021","12","유아(6~7)","엉덩이탐정 :뿡뿡 쪼그만 서장의 대위기!? ","9788959762088","","230","1000"
"2021","12","유아(6~7)","열두 살 장래 희망 ","9788936448035","","796","164"
"2021","12","유아(6~7)","오줌이 찔끔 ","9788962479973","","389","1000"
"2021","12","유아(6~7)","완두의 그림 학교 ","9791190779371","","202","761"
"2021","12","유아(6~7)","완벽한 아이 팔아요 ","9788962229806","","406","1000"
"2021","12","유아(6~7)","왜 띄어 써야 돼? ","9788955823707","","271","1000"
"2021","12","유아(6~7)","우당탕탕 야옹이와 바다 끝 괴물 ","9791158362287","","887","349"
"2021","12","유아(6~7)","으리으리한 개집 ","9791158360351","","294","1000"
"2021","12","유아(6~7)","이게 정말 사과일까? ","9788934968726","","257","1000"
"2021","12","유아(6~7)","이게 정말 천국일까? ","9788934975311","","389","936"
"2021","12","유아(6~7)","이사도라 문","9788950977955","5","444","1000"
"2021","12","유아(6~7)","이상한 손님 ","9791158360801","","42","886"
"2021","12","유아(6~7)","이상한 엄마 ","9791158360214","","196","850"
"2021","12","유아(6~7)","장수탕 선녀님 ","9788993242706","","26","674"
"2021","12","유아(6~7)","전설의 딱지 ","9788928318001","","424","1000"
"2021","12","유아(6~7)","종이 봉지 공주","9788949110479","","344","1000"
"2021","12","유아(6~7)","추리 천재 엉덩이 탐정과 카레 사건 ","9791164130764","","48","664"
"2021","12","유아(6~7)","친구 사귀기 ","9788955824476","","212","987"
"2021","12","유아(6~7)","친구의 전설 :이지은 그림책 ","9788901251226","","887","156"
"2021","12","유아(6~7)","칭찬 먹으러 가요 ","9788955821970","","257","1000"
"2021","12","유아(6~7)","카레가 보글보글 ","9791158361884","","294","1000"
"2021","12","유아(6~7)","쿠키런 어드벤처 :쿠키들의 신나는 세계여행","9788926387474","14","159","707"
"2021","12","유아(6~7)","쿵쿵 아파트 :전승배·강인숙 그림책 ","9788936455491","","424","1000"
"2021","12","유아(6~7)","판다 목욕탕 ","9788963056852","","406","1000"
"2021","12","유아(6~7)","할머니의 용궁 여행 ","9791190077439","","230","953"
"2021","12","유아(6~7)","화가 호로록 풀리는 책 ","9791191583403","","444","1000"
"2021","12","청소년(14~19)","(서울 자가에 대기업 다니는) 김 부장 이야기","9791165343996","1","885","44"
"2021","12","청소년(14~19)","(세계사를 바꾼) 12가지 신소재 :문명의 기반이 된 '철'부터 미래를 이끌 '메타물질'까지! ","9791188850624","","174","1000"
"2021","12","청소년(14~19)","(이상한 과자 가게) 전천당","9791164060498","2","885","8"
"2021","12","청소년(14~19)","(이해하는) 미적분 수업 ","9791189932473","","62","1000"
"2021","12","청소년(14~19)","(재밌어서 밤새읽는) 화학 이야기 ","9788994418513","","77","1000"
"2021","12","청소년(14~19)","(정재승의) 과학콘서트 :복잡한 세상, 명쾌한 과학 ","9788996588733","","170","1000"
"2021","12","청소년(14~19)","(하퍼 리) 앵무새 죽이기 :하퍼 리 장편소설 ","9788932917207","","74","1000"
"2021","12","청소년(14~19)","1984","9788937460777","","55","1000"
"2021","12","청소년(14~19)","82년생 김지영 :조남주 장편소설 ","9788937473135","","97","1000"
"2021","12","청소년(14~19)","가끔 너를 생각해 :후지마루 장편소설 ","9788950985424","","165","1000"
"2021","12","청소년(14~19)","고백 :미나토 가나에 장편소설 ","9788992036962","","88","1000"
"2021","12","청소년(14~19)","고양이 :베르나르 베르베르 장편소설 ","9788932919126","1","165","1000"
"2021","12","청소년(14~19)","고양이 :베르나르 베르베르 장편소설 ","9788932919133","2","178","1000"
"2021","12","청소년(14~19)","골든아워 :생과 사의 경계, 중증외상센터의 기록 ","9788965962823","1","65","1000"
"2021","12","청소년(14~19)","구의 증명 :최진영 소설 ","9788956608556","","13","863"
"2021","12","청소년(14~19)","기억 :베르나르 베르베르 장편소설 ","9788932920337","1","104","928"
"2021","12","청소년(14~19)","꼭두각시 살인사건 :다니엘 콜 장편소설 ","9791190157278","","77","1000"
"2021","12","청소년(14~19)","나는 간호사, 사람입니다 :단 한번의 실수도 허락하지 않는 삶을 사는 사람들의 이야기 ","9788965706137","","93","1000"
"2021","12","청소년(14~19)","나는 매주 시체를 보러 간다 :서울대학교 최고의 '죽음'강의 ","9788950979409","","137","1000"
"2021","12","청소년(14~19)","나는 풍요로웠고, 지구는 달라졌다 ","9788934990307","","170","1000"
"2021","12","청소년(14~19)","난장이가 쏘아올린 작은 공:조세희 소설집","9788995151204","","66","1000"
"2021","12","청소년(14~19)","너는 기억 못하겠지만 :후지마루 장편소설 ","9788950978976","","49","1000"
"2021","12","청소년(14~19)","너의 췌장을 먹고 싶어 ","9791157107223","","97","1000"
"2021","12","청소년(14~19)","넛지 :똑똑한 선택을 이끄는 힘 ","9788901093154","","157","1000"
"2021","12","청소년(14~19)","노인과 바다 ","9788937462788","","137","1000"
"2021","12","청소년(14~19)","더 위험한 과학책 :지구인이라면 반드시 봐야 할 허를 찌르는 일상 속 과학 원리들 ","9788952751546","","165","1000"
"2021","12","청소년(14~19)","더 이상한 수학책 :펼치는 순간 단숨에 이해되는 미적분의 비밀 ","9791191013122","","137","1000"
"2021","12","청소년(14~19)","데미안 ","9788937460449","","33","1000"
"2021","12","청소년(14~19)","도시는 무엇으로 사는가 :도시를 보는 열다섯 가지 인문적 시선 ","9788932472959","","152","1000"
"2021","12","청소년(14~19)","돈으로 살 수 없는 것들 :무엇이 가치를 결정하는가 ","9788937833663","","36","1000"
"2021","12","청소년(14~19)","동물농장","9788937460050","","67","1000"
"2021","12","청소년(14~19)","두 번째 지구는 없다 ","9788925556253","","137","1000"
"2021","12","청소년(14~19)","떨림과 울림 :물리학자 김상욱이 바라본 우주와 세계 그리고 우리 ","9788962622508","","74","1000"
"2021","12","청소년(14~19)","매스커레이드 호텔 =히가시노 게이고 장편소설 /Masquerade hotel ","9788972756125","","178","1000"
"2021","12","청소년(14~19)","멋진 신세계 ","9788973814725","","77","1000"
"2021","12","청소년(14~19)","모든 순간의 물리학 =우리는 누구인가라는 물음에 대한 물리학의 대답 /Seven brief lessons on physics ","9788965703112","","113","1000"
"2021","12","청소년(14~19)","미 비포 유 ","9788952227829","","132","1000"
"2021","12","청소년(14~19)","미움받을 용기 :사랑과 진정한 자립에 대한 아들러의 가르침","9791186560129","2","137","1000"
"2021","12","청소년(14~19)","미적분으로 바라본 하루 :일상 속 어디에나 있는 수학 찾기 ","9788965400912","","11","1000"
"2021","12","청소년(14~19)","미적분의 쓸모 ","9791165215491","","32","1000"
"2021","12","청소년(14~19)","법정에 선 수학 :수학이 판결을 뒤바꾼 세기의 재판 10 ","9791187147589","","97","1000"
"2021","12","청소년(14~19)","비행운 :김애란 소설집 ","9788932023151","","81","1000"
"2021","12","청소년(14~19)","사서함 110호의 우편물 :이도우 장편소설 ","9788952782076","","91","1000"
"2021","12","청소년(14~19)","살인자의 기억법 :김영하 장편소설 ","9788954622035","","55","900"
"2021","12","청소년(14~19)","세계사를 바꾼 10가지 약 ","9791188635108","","137","1000"
"2021","12","청소년(14~19)","세상은 온통 화학이야 ","9788947545150","","50","1000"
"2021","12","청소년(14~19)","세상을 바꾼 화학 :과학사 전공 교수의 재미있는 화학 이야기 ","9788965822417","","108","1000"
"2021","12","청소년(14~19)","수레바퀴 아래서 ","9788937460500","","91","1000"
"2021","12","청소년(14~19)","수학, 인문으로 수를 읽다 ","9788987527376","","146","1000"
"2021","12","청소년(14~19)","수학의 쓸모 :불확실한 미래에서 보통 사람들도 답을 얻는 방법 ","9791165210991","","88","1000"
"2021","12","청소년(14~19)","수학이 필요한 순간 :인간은 얼마나 깊게 생각할 수 있는가 ","9791186560785","","59","1000"
"2021","12","청소년(14~19)","숨결이 바람 될 때 :서른여섯 젊은 의사의 마지막 순간 ","9788965961956","","119","1000"
"2021","12","청소년(14~19)","스노볼 드라이브 :조예은 장편소설 ","9788937473319","","165","1000"
"2021","12","청소년(14~19)","시간은 흐르지 않는다 :우리의 직관 너머 물리학의 눈으로 본 우주의 시간 ","9788965708063","","152","1000"
"2021","12","청소년(14~19)","아가미 :구병모 장편소설 ","9791162203392","","108","1000"
"2021","12","청소년(14~19)","아내를 모자로 착각한 남자 ","9791159920257","","157","1000"
"2021","12","청소년(14~19)","아픔이 길이 되려면 :정의로운 건강을 찾아 질병의 사회적 책임을 묻다 ","9788962621952","","108","1000"
"2021","12","청소년(14~19)","아홉 살 마음 사전 ","9788936447014","","989","122"
"2021","12","청소년(14~19)","악의 :히가시노 게이고 장편소설 ","9788972754190","","178","1000"
"2021","12","청소년(14~19)","앨리스 죽이기 ","9788952775184","","39","1000"
"2021","12","청소년(14~19)","어떤 물질의 사랑 :천선란 소설집 ","9791165508340","","125","1000"
"2021","12","청소년(14~19)","어떻게 말해줘야 할까 :오은영의 현실밀착 육아회화 ","9788934986652","","885","32"
"2021","12","청소년(14~19)","역사를 바꾼 17가지 화학 이야기","9788983711922","1","178","1000"
"2021","12","청소년(14~19)","연애의 행방 ","9791161903538","","115","1000"
"2021","12","청소년(14~19)","오만과 편견","9788937460883","","96","1000"
"2021","12","청소년(14~19)","왜 세계의 절반은 굶주리는가? :유엔 식량특별조사관이 아들에게 들려주는 기아의 진실 ","9791187038030","","72","1000"
"2021","12","청소년(14~19)","왜 세계의 절반은 굶주리는가?:유엔 식량특별조사관이 아들에게 들려주는 기아의 진실","9788990809179","","132","1000"
"2021","12","청소년(14~19)","용의자 X의 헌신","9788972753698","","55","1000"
"2021","12","청소년(14~19)","용의자 X의 헌신 - 제134회 나오키상 수상작","9788990982704","","30","1000"
"2021","12","청소년(14~19)","우리집에 화학자가 산다 :김민경 교수의 생활 속 화학이야기 ","9791160802160","","67","1000"
"2021","12","청소년(14~19)","위험한 과학책 :지구 생활자들의 엉뚱한 질문에 대한 과학적 답변 ","9788952773326","","115","1000"
"2021","12","청소년(14~19)","이기적 유전자 :진화론의 새로운 패러다임 ","9788932471631","","24","875"
"2021","12","청소년(14~19)","이상한 수학책 :그림으로 이해하는 일상 속 수학 개념들 ","9791188850808","","137","1000"
"2021","12","청소년(14~19)","인류를 구한 12가지 약 이야기 :마취제에서 항암제까지, 고통과 두려움에서 벗어나게 해준 치료약의 역사 ","9791189653187","","178","1000"
"2021","12","청소년(14~19)","인어가 잠든 집 ","9788990982773","","132","1000"
"2021","12","청소년(14~19)","적분이 콩나물 사는 데 무슨 도움이 돼? :수학의 쓸모를 모르고 자란 대한민국의 수포자들에게 ","9791186710555","","157","1000"
"2021","12","청소년(14~19)","정의란 무엇인가 ","9788934939603","","64","1000"
"2021","12","청소년(14~19)","정의란 무엇인가 ","9788937834790","","26","872"
"2021","12","청소년(14~19)","제3인류 :베르나르 베르베르 장편소설 ","9788932916378","1","174","1000"
"2021","12","청소년(14~19)","죽은 시인의 사회","9788988027400","","33","1000"
"2021","12","청소년(14~19)","죽음 :베르나르 베르베르 장편소설 ","9788932919676","1","128","1000"
"2021","12","청소년(14~19)","지적 대화를 위한 넓고 얕은 지식","9788994120966","","137","1000"
"2021","12","청소년(14~19)","지적 대화를 위한 넓고 얕은 지식","9788994120997","","152","1000"
"2021","12","청소년(14~19)","지적 대화를 위한 넓고 얕은 지식","9788994120997","","178","1000"
"2021","12","청소년(14~19)","지적 대화를 위한 넓고 얕은 지식 0 :지혜를 찾아 138억 년을 달리는 시간 여행서 ","9791190313131","","88","1000"
"2021","12","청소년(14~19)","지적 대화를 위한 넓고 얕은 지식 1 - 현실 편 : 역사 / 경제 / 정치 / 사회 / 윤리","9791190313186","","93","1000"
"2021","12","청소년(14~19)","창문 넘어 도망친 100세 노인 :요나스 요나손 장편소설 ","9788932916194","","174","1000"
"2021","12","청소년(14~19)","철학은 어떻게 삶의 무기가 되는가 :불확실한 삶을 돌파하는 50가지 생각 도구 ","9791130620459","","83","1000"
"2021","12","청소년(14~19)","침묵의 봄 ","9788962630619","","23","1000"
"2021","12","청소년(14~19)","칵테일, 러브, 좀비 ","9791190174756","","67","1000"
"2021","12","청소년(14~19)","트라우마 사전 :작가를 위한 캐릭터 창조 가이드 ","9791155812662","","146","1000"
"2021","12","청소년(14~19)","페스트 ","9788937462672","","152","1000"
"2021","12","청소년(14~19)","해가 지는 곳으로 :최진영 장편소설 ","9788937473166","","104","1000"
"2021","12","청소년(14~19)","햄릿","9788937460036","","146","1000"
"2021","12","청소년(14~19)","호밀밭의 파수꾼","9788937460470","","125","1000"
"2021","12","청소년(14~19)","화학 교과서는 살아있다 =화학을 좋아하게 되는 책 /Chemistry rules the world ","9788962620580","","146","1000"
"2021","12","청소년(14~19)","화학, 알아두면 사는 데 도움이 됩니다 ","9788952798398","","125","1000"
"2021","12","청소년(14~19)","화학으로 이루어진 세상","9788990048820","","132","1000"
"2021","12","청소년(14~19)","회색 인간 ","9791196222628","","50","1000"
"2021","12","청소년(14~19)","흔한남매","9791164134847","4","885","24"
"2021","12","초등(8~13)","(간니닌니) 마법의 도서관 :명작 속으로 떠나는 판타지 동화 여행","9788950985905","4","523","1000"
"2021","12","초등(8~13)","(설민석의) 역사 고민 상담소 :역사 이야기로 고민을 해결하는 스토리텔링 한국사","9791164138029","3","450","928"
"2021","12","초등(8~13)","(한밤중) 달빛 식당 ","9788949161969","","761","336"
"2021","12","초등(8~13)","강남 사장님 :이지음 장편동화 ","9788949121925","","778","325"
"2021","12","초등(8~13)","건방이의 초강력 수련기 :season 2","9788949124421","1","500","1000"
"2021","12","초등(8~13)","구스범스","9788965481638","1","517","1000"
"2021","12","초등(8~13)","귀신 감독 탁풍운 ","9788949124407","","563","1000"
"2021","12","초등(8~13)","기묘한 모모 한약방","9791164139491","3","422","1000"
"2021","12","초등(8~13)","긴긴밤 ","9788954677158","","825","146"
"2021","12","초등(8~13)","꽁꽁꽁 좀비 ","9791158362478","","888","246"
"2021","12","초등(8~13)","나미야 잡화점의 기적 :히가시노 게이고 장편소설 ","9788972756194","","857","26"
"2021","12","초등(8~13)","내 인생 최고의 하루 :숭민이의 일기 아니랑게! ","9791161723754","","350","824"
"2021","12","초등(8~13)","내일은 발명왕 :본격 대결 과학발명 만화","9791162337479","25","235","765"
"2021","12","초등(8~13)","내일은 발명왕 :본격 대결 과학발명 만화","9791162334041","23","326","842"
"2021","12","초등(8~13)","내일은 발명왕 :본격 대결 과학발명 만화","9791162339176","26","288","785"
"2021","12","초등(8~13)","내일은 발명왕 :본격 대결 과학발명 만화","9788937838385","19","314","792"
"2021","12","초등(8~13)","내일은 발명왕 :본격 대결 과학발명 만화","9788937899218","11","398","866"
"2021","12","초등(8~13)","내일은 발명왕 :본격 대결 과학발명 만화","9791164130399","27","245","707"
"2021","12","초등(8~13)","내일은 발명왕 :본격 대결 과학발명 만화","9791164138234","34","259","720"
"2021","12","초등(8~13)","내일은 발명왕 :본격 대결 과학발명 만화","9788937838378","18","331","789"
"2021","12","초등(8~13)","내일은 발명왕 :본격 대결 과학발명 만화","9791164132553","29","259","707"
"2021","12","초등(8~13)","내일은 발명왕 :본격 대결 과학발명 만화","9791164136865","32","254","687"
"2021","12","초등(8~13)","내일은 발명왕 :본격 대결 과학발명 만화","9791164134359","30","219","650"
"2021","12","초등(8~13)","내일은 발명왕 :본격 대결 과학발명 만화","9788937837531","17","437","866"
"2021","12","초등(8~13)","내일은 실험왕 :본격 대결 과학실험 만화","9788937847707","18","407","1000"
"2021","12","초등(8~13)","내일은 실험왕 :본격 대결 과학실험 만화","9788937884078","24","335","900"
"2021","12","초등(8~13)","내일은 실험왕 :본격 대결 과학실험 만화","9788937884795","26","388","945"
"2021","12","초등(8~13)","내일은 실험왕 :본격 대결 과학실험 만화","9788937884054","22","407","914"
"2021","12","초등(8~13)","내일은 실험왕 :본격 대결 과학실험 만화","9788937884085","25","369","875"
"2021","12","초등(8~13)","내일은 실험왕 :본격 대결 과학실험 만화","9788937847691","17","496","1000"
"2021","12","초등(8~13)","내일은 실험왕 :본격 대결 과학실험 만화","9788937884047","21","491","992"
"2021","12","초등(8~13)","내일은 실험왕 :본격 대결 과학실험 만화","9788937847653","13","450","948"
"2021","12","초등(8~13)","내일은 실험왕 :본격 대결 과학실험 만화","9788937842245","7","491","980"
"2021","12","초등(8~13)","내일은 실험왕 :본격 대결 과학실험 만화","9788937847714","19","377","861"
"2021","12","초등(8~13)","내일은 실험왕 :본격 대결 과학실험 만화","9788937847639","11","474","958"
"2021","12","초등(8~13)","내일은 실험왕 :본격 대결 과학실험 만화","9788937847646","12","496","972"
"2021","12","초등(8~13)","내일은 실험왕 :본격 대결 과학실험 만화","9788937884825","29","363","830"
"2021","12","초등(8~13)","내일은 실험왕 :본격 대결 과학실험 만화","9788937847660","14","534","1000"
"2021","12","초등(8~13)","내일은 실험왕 :본격 대결 과학실험 만화","9788937842276","10","542","1000"
"2021","12","초등(8~13)","내일은 실험왕 :본격 대결 과학실험 만화","9788937842238","6","523","980"
"2021","12","초등(8~13)","내일은 실험왕 :본격 대결 과학실험 만화","9788937884832","30","474","905"
"2021","12","초등(8~13)","내일은 실험왕 :본격 대결 과학실험 만화","9788937839696","32","377","803"
"2021","12","초등(8~13)","놓지 마 어휘 :한자어","9788934990987","1","567","1000"
"2021","12","초등(8~13)","달러구트 꿈 백화점.이미예 장편소설 ","9791165341909","1-2 :","665","1"
"2021","12","초등(8~13)","달러구트 꿈 백화점.이미예 장편소설 ","9791165343729","2","650","3"
"2021","12","초등(8~13)","담임 선생님은 AI :이경화 장편동화 ","9788936442934","","465","1000"
"2021","12","초등(8~13)","도깨비폰을 개통하시겠습니까? :박하익 장편동화 ","9788936442927","","553","1000"
"2021","12","초등(8~13)","루팡의 딸 =Daughter of Lupin ","9788998274412","","825","346"
"2021","12","초등(8~13)","마법 숲 탐정","9791190409032","1","567","1000"
"2021","12","초등(8~13)","마인드 스쿨 =Mind school","9788965481577","13","509","1000"
"2021","12","초등(8~13)","마인드 스쿨 =Mind school","9788965481591","15","523","1000"
"2021","12","초등(8~13)","마지막 레벨 업 :윤영주 장편동화 ","9788936443177","","500","1000"
"2021","12","초등(8~13)","만복이네 떡집 ","9788949161341","","491","941"
"2021","12","초등(8~13)","밤의 교실 ","9788946473164","","335","1000"
"2021","12","초등(8~13)","보건실의 마녀 선생님","9788984889880","2","320","992"
"2021","12","초등(8~13)","보이거나 안 보이거나 ","9788964963999","","959","420"
"2021","12","초등(8~13)","복제인간 윤봉구","9788949124490","4","422","987"
"2021","12","초등(8~13)","복제인간 윤봉구","9788949124506","5","465","1000"
"2021","12","초등(8~13)","복제인간 윤봉구","9788949124360","2","335","817"
"2021","12","초등(8~13)","복제인간 윤봉구 3 : 첫사랑","9788949124377","","386","919"
"2021","12","초등(8~13)","불만이 있어요 ","9791156130796","","975","361"
"2021","12","초등(8~13)","불편한 편의점 :김호연 장편소설 ","9791161571188","","857","4"
"2021","12","초등(8~13)","비밀 소원 ","9791160946734","","523","1000"
"2021","12","초등(8~13)","뻔뻔한 가족 ","9791189034092","","491","1000"
"2021","12","초등(8~13)","소능력자들","9791157821013","4","465","997"
"2021","12","초등(8~13)","소능력자들","9791157821099","5","481","1000"
"2021","12","초등(8~13)","소능력자들","9791157820733","2","500","1000"
"2021","12","초등(8~13)","소문 바이러스 ","9788956187396","","542","1000"
"2021","12","초등(8~13)","소음을 모으는 아파트 ","9788930270847","","571","1000"
"2021","12","초등(8~13)","수상한 식당 ","9788963192390","","395","838"
"2021","12","초등(8~13)","수상한 우리 반 ","9788963191256","","558","1000"
"2021","12","초등(8~13)","스무고개 탐정","9788949195810","2","422","928"
"2021","12","초등(8~13)","스무고개 탐정","9788949195834","4","548","1000"
"2021","12","초등(8~13)","스무고개 탐정","9788949195827","3","558","1000"
"2021","12","초등(8~13)","스무고개 탐정 :시즌Ⅱ","9788949195841","5","558","1000"
"2021","12","초등(8~13)","신비한 고양이 마을","9791167390349","2","437","909"
"2021","12","초등(8~13)","신비한 유령 박물관 ","9788957078990","","500","1000"
"2021","12","초등(8~13)","아빠 자판기 :아빠, 사랑, 딸, 놀이 ","9791159952050","","768","245"
"2021","12","초등(8~13)","아주 무서운 날 ","9788994368269","","929","376"
"2021","12","초등(8~13)","암호클럽","9791187777014","3","523","1000"
"2021","12","초등(8~13)","암호클럽","9788993900880","2","571","1000"
"2021","12","초등(8~13)","어린 왕자","9788957361955","2","463","914"
"2021","12","초등(8~13)","요괴의 아이를 돌봐드립니다","9791166830105","10","329","765"
"2021","12","초등(8~13)","운동장 아래 100층 학교","9788934992974","3","517","1000"
"2021","12","초등(8~13)","윔피 키드","9791162331101","12","386","1000"
"2021","12","초등(8~13)","윔피 키드","9788937847004","11","523","1000"
"2021","12","초등(8~13)","윔피 키드","9791164137213","15","335","785"
"2021","12","초등(8~13)","윔피 키드","9791162339138","13","345","782"
"2021","12","초등(8~13)","의사 어벤저스 :어린이 의학 동화","9788957361993","3","481","919"
"2021","12","초등(8~13)","이토록 공부가 재미있어지는 순간 :공부에 지친 청소년들을 위한 힐링 에세이 ","9791130604626","","844","279"
"2021","12","초등(8~13)","이파라파냐무냐무 :이지은 그림책 ","9791160946673","","975","136"
"2021","12","초등(8~13)","잘 혼나는 기술 ","9791187903529","","523","1000"
"2021","12","초등(8~13)","죽이고 싶은 아이 :이꽃님 장편소설 ","9791190337755","","665","229"
"2021","12","초등(8~13)","추리 천재 엉덩이 탐정과 카레 사건 ","9791164130764","","731","237"
"2021","12","초등(8~13)","친구의 전설 :이지은 그림책 ","9788901251226","","822","156"
"2021","12","초등(8~13)","코드네임 C =who are you? /Code name C ","9791165794002","","395","997"
"2021","12","초등(8~13)","키드 스파이","9791165793173","2","571","1000"
"2021","12","초등(8~13)","푸른 사자 와니니 :이현 장편동화","9788936443160","3","398","861"
"2021","12","초등(8~13)","혼령 장수","9791189239299","1","571","1000"
"2021","12","초등(8~13)","황혼당 :기억을 주면 소원을 이뤄주는 잡화점 ","9788965136316","1","553","1000"
